"PC1","PC2","PC3","PC4","PC5","PC6"
-1.78429602405568,-0.321701834664585,-0.672055438512905,-0.592340366925996,0.322020791448363,-0.177898938438764
-0.482910249633833,-1.16812266154994,-1.07104747472665,-0.763132207341852,-1.08708298297613,-0.451730109651157
0.0545125813919662,1.55567402296959,0.122188317102001,0.0959061504515318,3.62339078534942,-1.25503847489574
-2.45184177334949,-0.173358931291123,-0.815882449970142,-0.795484928076276,-0.561574997647719,0.665151082505753
-3.26510394676727,0.411541483241669,-0.0993951395801407,-1.56238491867622,-0.457937407008831,0.590431306117325
-0.393464369840449,0.727625767352271,0.465701477786952,-0.293556697330251,1.48358400439871,-0.52269954383128
-1.43975626300604,-0.656826696814956,1.34274642015886,0.228033751285584,1.58626932144962,-0.19526803188151
0.533341722988259,-1.0508141821675,0.371153592656838,0.279839814137307,0.642292794145486,0.467026234182086
-0.7854061305416,-1.34632776826074,0.547303710860724,-0.251857524234343,-0.285261011699706,0.115452438684874
1.40460143342391,1.52968687362706,-1.21001230852416,2.35155813294463,-0.77821231035431,1.45520610444293
-1.67587962823734,-0.933366989860503,-0.502588989997641,0.495694361168696,0.955994325196066,-0.660664345683987
1.78250363813559,-0.147965724485325,2.19752270816373,2.69422773032877,-0.386824037602561,-1.53318062706915
0.503289225867542,1.55686443543702,2.32008164864966,0.025987031923907,0.628319160484856,0.964223399605985
-0.76898234947839,0.392214137756703,0.66146970490284,-1.70489985273709,0.47279275793198,-1.61243978039764
-0.849515358740168,-1.04332123472172,0.99298249552307,-0.700289232505986,0.0850362427115195,0.267453754953628
-0.11193425012629,0.368438807124627,-0.212441322632148,2.18435906100993,-1.54268286440528,0.155910270426269
3.05477633340248,-2.78889403132711,0.136466653558259,-0.842485746525493,1.21386684808805,-0.376561798452911
-2.62792296281967,-0.863495103934704,-0.218556302284114,-0.489681376746092,-0.937477921976716,-0.966407909158874
-4.24424763492397,0.199007513707598,0.470855122619399,0.360006229556071,0.419084772720783,-1.36347779332655
0.809195006287043,-0.227545499873485,2.23245893353425,-1.30560268499674,1.56779709529369,0.359948200917247
-1.50097971901381,0.935830014207863,0.663256808166974,0.546939218564462,0.880288461120038,-1.30108026940138
-1.18352762329679,-0.314913421982955,-1.53688420390962,-0.769502106838965,-0.942860649070185,1.2496642629532
0.0432118119638582,-1.90832539387097,1.11648920016318,-0.0605552334798837,1.5746731558168,-0.621085571847855
-2.54621908676086,3.02849676609574,0.606849902350583,0.930808803543215,-0.276403408726341,-0.758719135752202
-2.35314885564698,-0.248466328285655,-0.959077284179309,-0.790135834342125,-0.453389510595215,0.289679860529741
-2.84307014547443,1.47363756909802,-0.637344465858757,-0.567672352928784,-1.45457780377981,-0.945019249093512
-0.353843209445394,-0.63428032605116,-0.998264441256174,1.77990080136007,1.16213473261295,-0.134871446186042
8.41551218375298,0.6544911561011,0.677687338941432,4.43589317607073,-3.36710722799589,-0.598489115483384
-0.267535972705268,3.04994438226379,0.382139314523569,1.29067398577131,0.0024290523093109,1.83157037959691
-2.58697758578128,0.317447543410757,-0.185150287574342,-0.162682048966047,-0.8944113952854,-0.1400721917405
3.02935876054311,-2.59921555712685,-1.60558629604046,0.988857215649288,-0.219207780254696,-0.27077870123484
-0.705148173660061,-0.153928094073479,1.64124540441921,-0.986177760337666,1.20151854841184,-0.777469250949545
0.707273959123629,-1.89295803049758,3.96294865072029,0.182547845408922,0.614532957825689,0.728886122085208
1.7164069971935,0.349768567801435,2.01265754890419,0.635072140208609,0.520317614852922,0.105359338434682
-2.54773813047757,1.50385663532659,-0.0177968326741525,0.113356615378345,-1.41562438921094,0.386657112271482
2.26486363757272,-2.18630529940918,3.03803691615126,-0.103744079017646,-1.42755206727614,1.27512664635633
0.0364496412257338,0.524894069622602,-0.597306326296649,0.00626513403278812,0.736407672842416,-0.06448120952053
-1.73309380265168,1.3868032816735,0.589230851720249,-1.16001713641074,-0.268527332525969,-0.94141673602688
4.57860950528999,2.09926195457508,-1.54866437019853,-3.5621334006133,-0.00419478454230171,-2.1857860795962
-1.91198482572852,-1.16745155077833,-0.669982274493601,-0.326923027379044,-0.101042702449371,-0.468633924778384
-1.15069447921637,-0.655746700582402,2.09022286081626,-0.50686575451832,-0.0167883765108615,0.733107729902068
-1.88254693460443,-0.298315517387454,-0.356114487518772,-0.349608830304024,-0.0956972092895553,-0.39682944503929
-0.436129951195537,1.6481722819997,-1.08279384787995,3.27381145924485,-0.272159522361474,1.03879264460534
-0.292901574614528,-0.977568567898793,-0.766408205599701,-0.667430546839918,-1.51893205559583,-0.264060951301103
1.79417406261725,-3.19550247378416,0.634953349689547,-0.552011725158249,0.149350234699991,-0.0697484102564147
-0.577473869711773,-0.742026649823843,-1.32753238325172,-0.200505445775812,1.46630258433125,1.11325309414354
0.9400728299301,2.98238370576713,0.658511410317738,-0.554769982658369,0.19748116790129,0.698415310730025
-0.915782546914609,-1.0881738610056,-0.992882497916004,0.326904301521399,-0.971120012639727,-0.144874824828302
1.51361082763093,3.40867340759346,7.898079297521,0.648078297641799,-2.50592062568906,4.1516573720414
-0.17611265148079,-1.25468584299203,-1.90938692611034,-1.70773593572599,-0.320948217068419,-0.344654467682567
-1.91976549599675,0.731336926707219,-0.502108029783285,-0.871418616400008,0.143087275043733,-0.0881653186694872
2.02900893914013,-0.762039363982878,2.03219760580099,-0.894149857376582,-0.103333211204492,0.719551253739904
-1.46056110250545,0.489843975140254,-0.586387968424401,1.50517735369477,0.56606097734842,-0.264399736332627
3.05426475251493,-1.25342351033788,-0.298105585982054,-2.0023035512544,0.362182023628983,-0.82992903866079
-1.74813110287934,0.975331306428827,-1.79060522693728,0.970376531781783,-0.866995661985485,-0.437840296514031
-1.27264405655759,0.817913137622422,-0.604166090268876,2.08818669453093,0.162792490531561,-0.146247195015326
3.69654456740501,1.58971619033161,-0.474128766124439,-1.54812265935624,-1.40736970737162,-1.69949845190187
-0.580133981460367,-1.92037012558367,-0.770034815716423,-0.976419273477704,-0.699789247549504,0.491675148032584
1.80010978143263,-1.25242713572937,1.61411032903192,-0.108109677638277,-1.21703601998612,0.373638294199242
-0.0903988660022566,-1.34089456895523,1.05417465016051,-1.14138441651055,0.192625471927302,0.487994160021087
1.32195140333231,0.91529046600731,-0.361436551344741,0.307170716920443,-0.456397012832587,-0.526926316178276
-2.16241861910897,2.20270754400947,3.18089451052663,-0.349510079421646,0.951807992533973,0.433458520308196
-1.63834135021257,-1.34796816443879,0.422396963208484,-0.260041786472404,0.953801174862022,-0.0280310486705557
-1.30956295273905,-0.402805688386719,-0.973442868756614,0.530047798356808,0.488869530236022,-0.275369969990454
-2.11822952457598,-1.20815337233601,0.211475985563886,0.339020860066524,0.0243036810738748,-1.04306919304822
0.218823149909073,-1.35045697687837,0.106850136669057,-1.08583478718839,-0.412016126449,0.17739315493366
4.24952097615845,-3.56002453225686,0.44750063096206,-0.134646712607677,-0.278083002940834,-0.61043836100695
-0.82096985273259,-1.069670402042,-0.135993980523369,-1.19740869440341,-1.26908536242808,-0.645705986398538
-2.02182601373203,-1.06870726129571,-0.0440723428521222,-1.3980982407355,-1.12720538580053,-0.564680059203032
3.13314325468445,1.41670450790637,-2.18097637404646,-0.522668575443205,1.78660510657618,0.567659267172554
-2.64053688004285,-0.883306436379629,-0.852829884319793,-0.66621903384444,-0.588193276863306,-0.324200471815275
3.31723728108541,-0.230569920709438,8.08070855418782,-0.552080712661598,-0.786158645239527,2.3945939088752
0.379878230290615,-0.0238073308577598,-0.512042441889859,0.405789497513637,0.746389500703224,-0.5861626047497
-0.86178888827655,-0.319423592599617,-0.850081042879352,-0.426811624079123,-0.854785330314538,0.379030880556223
1.70771908842503,-1.66986012438557,3.14977290656291,-0.162476286682126,0.359336656383149,0.895679308146223
-2.56857658176785,-0.621603260832359,0.177354509463913,0.411988236962161,1.4515774527479,-0.966255929288407
-1.78482051104137,0.0783542528497724,-1.23041267688053,0.136794549623845,-0.262053782480321,0.343071124463351
-1.10563273320265,1.87887105444049,-1.32629589527471,-0.189690861097871,2.1902989832162,0.657007003924873
-0.498821051812729,0.809963739309229,0.461080705593344,-0.280606435352318,-0.286427078018124,0.483019601662627
-2.12864857315054,0.0799135794799498,0.662692169077744,0.958815882987044,1.54684094333946,-1.22219035724206
-1.48566962007427,-0.622701666080898,-0.255315362518647,-0.844441195825631,-1.4580262387155,0.0230220588375324
3.92893459536352,-1.16773330771557,-0.693188170527267,0.684284396710711,-3.1231607016429,-0.583199406515523
-3.9568417031802,0.0056085438235598,0.095067731914646,-0.376319707440046,-0.850210623387899,-0.858214597929511
-2.34700285213407,0.726278514953751,-0.384775442370595,-0.0946438734553486,-0.546123267591978,0.740339199734372
1.17216208125282,-0.864422524934407,-0.448796315615758,-0.191291074961825,0.623468109969112,-0.75849830719533
-0.489284271819252,0.300992228262675,1.5115461273608,0.35310063084801,-0.373387639087612,-0.227707069294198
-1.30694748379102,-0.598024502483275,-1.56360137116108,-0.994830007338394,-0.663212049251373,0.714719709684851
0.928486182321363,1.29351131621342,-0.480696944541051,1.373080962533,-0.313130048198415,0.00165043288496135
-2.55044222913719,-0.29665280119535,-0.0839369678952742,-0.954859402535921,-1.53129908684764,0.154708135469533
-2.05830415251733,-0.0898350945377724,-0.0711329426097815,-0.691417546896954,0.174883354023075,0.12379415481421
1.18080569943922,-1.13033046223266,-0.92000574511808,-1.18218044692853,-1.20327069332275,0.49750321929101
0.187382189470756,1.08535075312052,-0.842321497581949,-0.420992137160633,1.81899020857848,0.653164259582291
-1.16329390456766,0.448621788378809,-1.79081077954575,0.667606339886605,-0.567965558050869,0.332912263490486
-1.33652342270101,-0.244688491427867,-0.275891123750582,-1.57822481568742,-0.159354503105325,-0.178568282891099
-3.27026718681488,0.70671275540188,-0.0131865499944581,-0.18536100072591,-0.319539742045572,0.354446323742905
0.35019107497472,-1.47965277536697,-1.51539489074547,-1.01073092968316,-0.152658633293271,0.205431486421116
-1.74631399534537,-0.0362607906278963,0.114442782970749,-1.39344406521617,-0.762540942633634,0.989232955690211
-1.55215985607973,0.437411832984766,-0.0819364985603914,0.82137616267142,0.523973183260593,-0.289443399093007
-0.766405866190772,0.080759680984448,-0.924965480077736,0.849378970992043,-0.560944171402533,0.823777988200865
0.77958570076697,-0.122018795206417,-0.0571153696070862,-0.502319171047681,-1.87660588661829,-0.153782215122195
1.41292702965057,0.436153461235014,0.538396260320681,-0.156480725676832,1.67820236451594,1.00702645196905
4.30213030263186,-2.55697052102667,-1.01340846650291,2.18432448470329,2.29827774073054,0.981861526948604
1.70849204384532,-1.14099962056361,-1.23428347146074,-0.361075186621499,-0.369340770143259,-0.0499359433573238
-1.42782826657055,-1.2192439745455,-1.64098800777956,-0.944745543506738,-0.767424913583751,0.906993448782042
0.400011818131842,-0.684973014071228,-1.07296744643426,-0.303175712833268,-1.30905971959828,-0.588826833795752
2.38979834174391,0.383959402808477,-1.45576550808811,0.505705639675556,2.19097917350306,1.25177308281038
0.679288154967507,-1.01352634929432,1.69337021147585,-0.785777710148411,1.002956243501,0.538027044679958
-1.78197647069957,0.626228839177285,0.90511010527488,0.416132414850909,-0.85920189793313,-1.20831602902648
-1.96577341084666,-1.03976476144161,-0.685061123036919,0.114084937483981,-0.938948502758015,-0.409396992651013
-1.55077233235073,-0.683107026939162,2.39392161778204,-0.604020365119024,-0.272198025837342,0.327437221950353
0.784744580914584,-1.48025397721109,-0.351744661751788,-1.23305875783833,0.16727812713964,-0.472246852096342
0.53386317003664,-0.458733132335033,-1.73252785788564,-0.628071890207454,-0.364350051148174,-0.814147943103326
-1.46496281770853,-0.454955828780692,-0.902741694943627,-0.0208672446984204,-0.24815768472663,0.00184392293024021
-0.944878611593963,-1.04218276495239,-0.80870084164271,-1.70268679711609,-1.00056079419432,1.09554167377035
-1.91595098010759,0.947710046875193,-2.18057305973894,0.281749818711523,-0.997247010399215,0.666855441383526
0.0417219557698029,-0.397655083944329,-0.804434024967428,-0.544291171159002,0.372902563774977,0.273303439682545
-0.54287672539301,-1.38860371995833,-1.00159768524138,-1.50977914275096,-0.0196153148764037,0.216002225291202
0.52219404785593,-0.933079672940391,1.81069734924185,0.123176431942643,-1.07836766058844,0.066857227202421
-2.19806691379059,-0.170132346687085,-0.531592395470591,-0.120674411990228,-0.338966346413914,-0.270311154999805
4.8308315458898,0.565473474047982,-3.56910050450785,-1.36294878235851,-0.557803729836193,1.36246401535416
3.4593350837399,-0.699320891069304,-0.0900863387549618,-1.22208318160378,1.08785246224097,0.49672806384743
5.81848837164625,-0.160670769076174,2.1671758350507,1.82524200775582,-1.93820311461171,-1.95891033671307
-0.443217338533488,0.355361678762547,1.53181670459037,-0.157368548560756,-0.0182231519504726,1.82467738336848
4.96159230615961,0.581943505569487,-3.2862747815327,-0.487838087986678,1.74150449315477,-0.472802193144185
3.31376782380772,-0.35598854520258,2.31519605747432,-1.13552770430686,-0.408388710803676,0.069361285452707
0.17156659825129,-1.22940571955937,3.40777037766401,-0.314342743162469,0.257691983794303,1.41373243575802
-1.15826417643455,-0.484177340705854,0.515147028788158,-0.866752392883287,0.346775382953951,-0.842532215973481
-2.30615676479131,-0.203732636103063,-1.04098095540137,0.372162490032143,-0.40201768057594,-0.101116345518412
-1.90298325916432,2.43313074726073,-0.553525376498507,0.195260952408052,-0.8045439667358,0.258734440278393
-1.45396155852055,2.07261575749062,0.0205117734132139,-2.20294737672205,-0.0347151683956134,-0.260262934329223
-3.05463976897317,-0.37430547579564,0.240583950076281,-0.925395963197114,-0.344840530188808,-0.935336412343612
0.622994463664681,1.45884653902626,-1.39192079080922,1.86974705096131,0.829977829140658,1.02051882863737
-0.900287026135521,-0.379166503260215,-0.533124050764725,1.43074176810916,-1.10876627062426,-0.543011043365
-1.297042000643,0.170073778904313,-0.496427693789597,-0.750755621812747,-1.05280077837743,0.576983458347233
-2.00765945198782,0.465223815867358,0.343539911130012,0.82880117416483,1.67014108198347,-0.0432269173387276
-0.556557136950774,0.358902917281633,-1.23885609548001,-0.130210884557922,-0.905687141100299,1.3901546911328
5.03915496403358,-1.88238634569039,-0.19843460400826,0.144769470742414,-2.54662133042711,0.718698546990563
0.483811829176046,-2.02755942398328,1.17969439931118,0.368567756887899,-0.858314608226165,-0.772182254325376
-2.57701501753565,-0.16778300087954,-0.243892177850627,-1.07190834814797,0.296519514279042,-0.529032738608069
1.37032831731549,1.69776177486256,0.227844308974926,0.769953330480262,-0.515311955654858,0.554069863338398
-0.380640610706254,-1.69289117612909,-1.28932970638264,0.188156202097953,0.5415469797627,0.0324236510519838
-2.06372436472184,0.569807780857277,-0.44626331245596,0.655886035859957,1.00640306934964,-0.0613633081134438
-3.29977903935478,0.473989746108934,0.931075982837378,-0.913110756705319,0.197481290592204,-0.362950801390228
-0.71525791549615,-0.815045084107573,2.67059374100281,-0.649725913735322,1.30186119912555,0.397145932966452
1.16189414529276,-0.82722312994155,-0.977733344735751,-3.37217013470431,-0.424512069770476,-1.00411564758821
-2.4678482761319,3.93573236868444,0.0132504670461972,3.59090480488437,1.20087079421411,-2.87749964342262
-0.217110251144063,-1.14699984544119,0.893619636422311,-0.0165287449831042,-0.155088652322626,0.738545144997568
-0.0479956668843048,0.385484738109853,-0.593354549290854,1.01430489356217,-0.55650018505538,-1.78990984880045
-2.03789181230703,0.129825224175624,-0.0284164750673499,-0.416843780981709,-0.975663856972927,0.589919702133429
-4.2192390102845,0.168198212616393,0.0387618542791321,-0.844128731495991,-0.972549463207641,-0.503147314017536
-1.89977028775546,-0.215704252885512,-2.19268130600412,0.16145268532797,-1.85582945203339,0.400444101009913
2.48574730082704,2.84912318064729,2.79630631190236,0.476736222836032,0.949521982483409,-0.386199746573917
-1.19096629499835,0.746124873435454,-0.0918289646419786,2.33529397453816,-0.149864118512188,-1.52710513493745
1.93784688310824,-1.74916414909243,0.770369418231768,-0.401066729469652,-1.36883903698501,0.79050163283956
2.57046784477166,1.12441572460178,-2.75666249993023,1.49341152637238,-1.25513068343878,2.57132534695012
-3.36959202209315,0.0666954867959937,0.581432492007415,0.0667052830865932,-0.662126302668951,-0.143869701616632
-0.164007555332786,1.90851757968651,0.586174634474068,-0.343534112976608,0.274717159502105,-1.66788822792336
0.615023247436086,-0.681056316099062,-1.74367930354453,0.0977733320091772,-0.633694211648694,0.570773274898095
-2.25733271307806,-0.0832457484392473,0.0768870440611147,0.971645292065677,1.11579518604988,-0.952531431944958
1.31496091994981,-0.77710159758122,0.35879280288505,-0.783554769122917,0.571430080716689,-0.492202574497315
-0.400720238843344,0.632918484829681,-0.303069401278909,1.96593920933606,0.666821842688085,-0.293145304773673
-0.698653803683934,2.40107435650608,1.02021538599592,0.280301822718728,-0.702470875140243,-1.07567001583846
0.193367059711167,0.97432093623661,-0.508777377146681,0.792210965144419,-1.1296077199471,-0.278026259285456
9.81239626835228,-2.74551664534573,-4.36553322432311,2.36816548964579,-2.21663862813569,-0.327528306281425
-1.27233107881242,-2.39681543024658,0.292736466920257,1.17111079632252,-1.75125945017494,-1.48745143125048
-3.57448658455357,0.399970415376104,0.131338911070653,-0.865335390226199,-0.689070913366861,-0.0386059404953383
-0.868303417534736,-0.302205650938453,-0.546821079181573,-0.675005654163062,-1.4121047790023,-0.046766751065326
12.5060465307259,7.84119172875822,0.386208228714828,-5.97995643775662,-0.94593982666076,-4.68093380751074
4.54306082851364,-0.780314646776657,-1.76493873433166,3.69174249314243,-3.24411808519048,-1.80726390148462
-0.109307389518349,0.780709818267235,-1.19734629672127,-2.05805903356792,-0.825456601494278,-0.687041072842778
1.72364859044848,4.41055798267366,-2.83760167238609,4.44178070462045,-0.299198467051993,1.7308061775397
-1.39134590405112,-0.27895968436513,-1.04393487180123,0.508953093418642,-1.09332994837807,-0.649789986009812
2.74526144425296,-1.75444749221556,0.224624185741321,1.42096483570785,-1.29596350767452,-1.12936629528538
2.19227610668376,-1.36076961727521,1.44042254373023,0.811287465440819,0.418635920542977,-0.0691621742398871
0.12381592390325,-0.203601303177053,0.275852411844724,0.392998167853901,1.62612243609367,-0.896509110636431
-0.0631862916785033,1.63120671091371,3.02054183097889,-0.775276403283593,-2.24284870469176,1.185741024898
-0.975693322770555,-1.36608646181503,1.84938245374199,-0.897572135886629,-0.198095161427215,1.48631500903339
0.996850105010435,-1.35242748005934,-0.386947486422419,0.758104291956956,0.978231162242134,0.250319875938117
-1.04161594741266,0.0771766037778314,-0.560661325075149,-0.95718042380242,0.55848122942551,-0.0238265407575228
-0.417116484668631,-2.29925968816947,1.5898284039622,0.727642226476769,1.37964746773427,0.0873471240280852
-1.27323115162021,1.03545569343341,-0.740111104564954,0.0098812907039733,0.436450357794191,-0.322729770695831
-0.168110181679999,0.96134809342276,-0.883343573201476,1.21741926666652,-0.682695050342622,-0.230711871588262
-1.29508469162186,2.41631152897674,-0.17781198965021,3.05226864072442,2.01809600218198,-0.195302727721387
-0.484293799816447,0.0297392764261377,-0.22632249197511,1.12885502830092,0.774033390365617,-0.626354818953316
-0.309932378151522,1.22518763980449,1.34157728883163,0.467538056317061,-0.683324553424994,-0.102624399027867
-0.912717647321909,1.26611300625814,-0.551416777544279,0.0473764188690236,1.20588185726499,0.599731675054243
-2.25115623055635,-0.284285465294728,0.234280819067426,0.53839116835504,1.54685478520822,-0.383544384730069
-0.996923473098626,-0.267074562302445,-0.300303736451052,0.436222380808894,1.54148687533851,-0.0474051602160138
3.09149502708216,-2.46745010209626,-0.714817442834405,-0.95416841350216,0.496397548816687,0.812323561345447
-1.31944518432978,0.217288373174755,-0.860130545352808,-0.206932581319725,-1.44117889281046,1.02594459367474
0.905810705233235,0.224511353451688,-1.27756592294487,-0.577451095886978,-0.438410426022671,-0.311530474487819
0.49414976445261,-0.592102687898384,-2.70308968497473,-1.31972188622052,0.116449389023001,1.17352975621416
-0.3543151410495,-0.209464929156492,0.857670784571221,-0.909351486841038,-1.05667672283729,0.319454761308327
-0.657470779417155,-0.464236237143718,-0.084066705319688,-0.256854000167221,0.683986922666971,-0.209354747031577
3.13797428429348,-0.283487603083412,-0.146927547092837,-0.0975572122627908,2.30505376512616,-0.0494788003496598
-1.0172220998216,0.547090196427044,-0.760075374598937,1.39405053789857,-1.33495905174115,0.268466521364777
-1.72626514367296,0.284409384946402,0.740871576809255,0.669147613813453,2.93084533898913,-1.03082968678846
0.62820357943375,-0.174846747865869,-0.809744473153944,0.107973073872045,1.53611263181034,0.608840000717288
-2.53911152653829,0.545278660498967,-0.415060727661803,0.0348149233462749,-1.22779997295745,-0.0670082357748299
-0.478607110828335,-0.202206167939981,-0.337600679507724,0.371066677859861,0.698180737840976,0.329313278925756
-0.71884051212801,-0.915315289017867,1.51646199785529,-0.826087443870545,-0.628710241322879,0.389554319801715
-1.49659212619733,-0.614246583022411,-0.155268153295147,0.304124928699537,-1.07872114251339,-0.334133489763875
-1.2259890818988,-0.373679103159126,0.721746488458275,0.285545374587438,1.39609939026478,-0.445436795568574
1.11101490321785,-0.00605009816916705,0.999513758966862,-1.25712570982795,-0.0816285537903855,0.969459511495773
0.989762131197006,2.27559119217935,-1.09594160056876,2.75829549300214,1.88976499550486,1.02011242694885
-1.83166429472283,-0.286457450256162,0.718591387736202,-0.535622658894409,0.834476892425331,-0.193332049133627
1.14157735757039,1.82380373105843,0.265757773212011,-0.0731009272185441,-0.27713135479785,-1.88754192071068
-2.25112980840241,-0.133426480329588,0.327658837756395,0.00256082395560797,-0.053188480244552,0.0246461223617173
-1.00127194830354,0.291697042489036,2.67193529394743,-1.27408143716222,0.35859416180676,0.661653307041937
-1.03805073088626,1.84050267266723,1.12655350495437,1.71297119626476,1.54710561412447,-0.880584849201403
1.56825289670957,2.68548986963017,-1.0521121711665,1.88396154609346,-1.66001310484823,-1.21864570010211
0.316337804156198,1.18040763018749,-2.34773976865196,1.45699030164998,0.954356644331535,0.432867348670687
-2.33300749094177,-0.221430834114693,0.0736030771671073,-0.691879564265883,-0.560498670521064,0.323778079099125
1.03896376725737,0.349816428337403,1.38416347836348,0.864942974949781,0.750411865930859,0.784521556209561
0.858358143659004,-1.41700743216831,1.23600795131902,0.192582767715521,0.549474946563001,0.0408060209655243
4.49362220555295,-2.9687540629058,-0.541724232344396,-0.0675111122531297,1.41613100377448,-2.38685346443327
-2.09010324906471,0.660134297078695,-1.00037018831141,1.21798780338357,-0.834440908900749,0.685206466374251
-0.0666228572494326,-0.309238276389171,-1.82784267071285,-0.163638074425081,-0.766443887875236,0.270243583147275
-1.41432430335324,-0.962949479465461,-0.795475750362902,-0.840929441756823,-0.946591409489118,-0.0874704546833223
-1.06336812932884,-0.00569284030721963,-0.871124940434319,-0.171293916765021,-0.28363915497725,0.376386771010857
-1.37118233759817,1.03389356401798,-1.21089823766136,-0.271893707628785,1.25205770327899,0.509475812334484
-1.54566998589782,0.203735284218222,0.310492139654319,0.522809208018471,0.444723249821337,-0.408412900278397
-0.608276247193344,-2.2420940761536,-1.09567128167753,-0.157652901352612,-0.0497768251410832,0.351370163446555
-1.85145766822555,0.292255924993881,-0.272847247749147,0.489805822676517,-0.92668968919786,0.172669806294161
-1.18783778449892,-0.686898520477585,3.75195406389638,-0.0870885487596492,-0.239049332625929,1.52703547825667
-0.217451505421153,0.623262046776832,3.28341028816833,1.29218497327035,1.70975647495234,-0.753216941036411
-1.87431750186932,0.292283896801248,0.80142718006818,0.000103186956491502,0.664145740444495,0.495073798149868
-1.30656582945744,-0.27671988216592,-0.556399420657574,0.863507324422181,0.0564161434452457,0.230779286307518
-1.86199373946539,-0.310958697855669,0.200914665503992,-0.859712442104116,-1.22592566221256,0.250308182106765
0.356758897182081,2.00452535172297,-1.59427343434795,0.28424870824002,0.279008527170505,1.51138163436804
3.4628750466612,-1.05807177544551,0.673681529050203,-0.906469951007836,-2.00780145848799,0.836777151405343
3.33101850781828,2.38137235276629,0.00913055402712309,-3.21860216030592,-0.149678742250723,-3.05486835022483
1.97515629527611,2.26846744355435,-0.972379313864755,-3.40340037511735,0.135819127677624,-0.729451670234322
-2.11711507530909,0.199850109049573,1.65013804581233,-0.258685797771382,-0.422325022588411,0.596337311131062
-1.85271114086188,-0.241242188546732,0.591054975669787,-0.495406633351677,0.796500471563176,-1.11545635716019
0.623643979704067,-1.70524429149732,2.56610860008334,-0.139922143087017,-0.798385608272574,-0.116523060724871
-0.841779052097681,-0.903403242864225,0.446137762582479,0.175078816493228,0.98782834340536,0.198355605019322
0.228962645010823,1.95959559587778,-2.06863327927507,1.02371652326889,1.36024278578268,2.02166423975576
-0.417767643941972,-0.264021448239912,-1.2346311113578,-0.431732278066795,-0.166400850261674,-0.495271742093743
-0.641388967189234,-1.06538766023846,0.0186473515452993,-0.119597935220265,-0.0716583161655842,-0.195240547367242
-0.061758757106615,-2.00238673826978,1.20206715250744,-0.534710668310936,-0.574725922262048,0.606785501574229
-0.715375665748946,-1.17834445017437,-1.31868738435807,-0.132842666831294,-0.963019245610952,-0.230073128326741
1.49075193612388,-1.92376834395832,-0.432200141777705,0.239564019680163,0.11423506709238,-1.00783105956938
0.0765157792846648,-0.768639238577332,-0.201810586484236,-0.161728173877948,-0.74059200002232,0.559966655619086
3.28843055794827,0.702293535597735,1.23487226710842,-2.54992204418047,1.02641379181777,-0.783362871265274
5.14190095848446,-3.99087657052866,-2.75253098811355,-0.189463046224615,1.43177397068969,0.455553557249364
1.6839780200719,-1.75504317205765,-0.794434224608926,0.305271719216239,1.41076903668498,0.745562704563681
0.279309027381062,-0.468510623675156,4.2074491739022,-0.94274619925401,-1.26591048215342,0.935384028028097
4.51164738228533,-2.25584822755529,-1.7784598098738,-1.06807521453456,1.1022253284636,-0.998334648426049
6.77903681229432,4.04822073713079,3.00948549361318,2.29324776552169,-0.358178029465308,3.23749223733016
3.50659291694933,-1.71422428804057,-0.802725262632587,-0.784047373905464,1.10374487328066,0.871751528894818
4.26445252996069,-0.43942531340505,-0.956474322699867,-0.974445625329101,-0.28458317190171,1.21966757069799
0.519586880465792,1.29752478795097,0.942567623837909,1.42617659274059,0.459491160709684,-0.305384286846504
6.12497874646414,3.32314544739734,2.53121741034421,0.783998232291545,-0.396682157042396,-3.24675328947761
-1.42693080325259,0.0848963520973166,0.817578355553414,0.677713168523597,0.423790290991122,-1.12348142497656
4.10862571061884,4.88156163196741,0.933400902176433,-2.53144416837846,-0.784406412450563,-2.15559107284787
-3.07402862585501,0.0541616232290777,0.270307632128206,-0.681365674909407,-1.19728016115876,-0.945188129747886
-0.56284358661587,-0.362889623815407,-0.0633208712405084,-1.17242416685972,0.362123369731798,0.0672532788798186
3.15125654160212,6.64715802871085,2.024652525053,-2.97292796380545,2.29638774866272,2.82963746811876
1.18873817986092,-0.547757441674435,1.30118420631821,0.383403527083443,0.973144620986016,1.16674030114009
1.03426704767545,0.341057374622517,1.35328318348348,0.965578577890474,-1.03268460028884,0.384842665957085
-0.374303982922173,2.33843221360201,0.387965862448569,-0.870347054559054,0.0335323494456869,-0.259692049228802
0.00385708665796736,0.0708087258712069,-1.14344445590481,1.14669635760284,-2.0332915482488,0.154773786496634
-0.360420546120001,-0.249925125638741,-2.92706114128053,-0.416040069348199,-0.634629325156294,1.89128323476774
-0.87624018360094,-0.451401215127704,-0.807510731599414,-0.646210497702863,0.873849872361154,0.72259258424849
-2.76997826384265,-1.15902906901568,0.766592437059577,-0.0157785682953036,0.740519209558209,-1.03915649000662
3.18676403034837,-1.4098346483007,-2.14215568808206,-1.78880370747184,0.558469247362156,0.704156207996821
2.05431472441001,0.725837350968955,-3.00368365791259,-0.900714663634535,0.407572751565326,1.47684079804946
-1.21165746964687,1.92427407933364,-0.722972118634868,0.672524163265131,-0.391877275206833,0.369570772673846
-3.03466860109058,0.164775881267762,0.14941435493224,-1.1863136709846,-0.599894521558743,-0.13851826787495
-2.75524297368242,0.732578551890556,-0.888436421688627,-0.350998917231826,-0.419470639489644,-0.372114794816546
0.531467463208242,0.543435998700546,1.9947060798387,0.495864600789261,1.45653923920638,0.0644712191683858
-1.19876739801508,1.7588997874901,-0.0835317048476895,-0.738398276499281,-2.08712291214116,-0.955248873610584
0.490970605095681,-1.23807928511672,0.58810513404226,-0.348900596052417,-0.192105580285325,0.72546238729809
0.418162236404135,-2.05238083087716,1.41673258781413,-0.220613061127306,0.615769362015749,-0.434937105436454
-0.940635359284488,0.0356453492383565,2.52494521411282,0.415488566267739,-0.920454440888661,-0.668672672513585
-0.187900903831251,0.270780333080975,-1.81395910559482,0.742573769020384,-0.31284517707495,0.341302027137759
-3.82204200228201,0.547433811900655,1.62933397281018,-1.22518354621501,-0.25612913312037,0.170643872822471
-1.28653551796419,-0.290838910569545,-1.32494456027446,-1.14360482947784,-0.686116654779348,0.349356843170184
-0.618741592329064,0.546283184017023,1.9287632028018,0.0705343771428348,1.2631532506101,1.60100819739612
1.26684258265605,1.74520179779319,-0.699276189298342,-0.878532651550801,0.382570751278525,-0.592962910001961
1.42696835487727,-2.3351046875468,0.604127130498663,0.438417780360017,0.432361978980378,1.17988902280168
2.84633021417485,3.8915204499136,0.573121093935915,0.774432169376671,-1.41168225183655,-0.0615752787061636
0.511179516493055,1.07738682321521,3.63371708484754,0.555189897073415,-0.883310217074797,0.109905577829856
1.24830697922044,-0.683847854524762,2.1163124371786,1.34200374488655,-0.57174280635003,-0.659743229344642
2.8058652620386,-2.15496040438561,-0.712118997643208,0.287678200504067,0.613424880361408,0.737515663258126
2.49407656670983,-3.70360856147433,-0.408666054166339,0.852324131677351,3.27112811046463,-0.471119518206727
-0.669039007816518,0.104616728498933,-1.67597826440558,-1.90898856278797,-0.64879839567834,-0.406542985653386
-0.0729156529435626,-0.0162940139985592,-1.23771327748355,-0.00762552213833918,0.828548171286186,0.584745715303821
-1.8743790496482,0.646059929840907,0.130560482071814,-1.69691411883919,0.482685562375082,-0.914082964023114
-0.762560479827535,-2.08348540416996,-0.265742067680254,0.755802813449444,1.05544733356687,-0.532181075028522
0.128194576018641,-0.220370177145647,-0.689234458856058,-0.318182573785793,0.449659380077892,0.137775120485122
-1.47572168552951,-0.337439011310557,0.423864292684422,0.633091413567198,0.549584047049178,-1.03209200147278
-0.628636309736712,0.626684617683855,-0.93453346223875,1.32342327270878,0.823802786843833,-0.0114787568197577
-1.57566121539714,-0.953593331489352,0.712388004596455,0.225394553033598,1.03742977257567,-0.84239021252214
0.176792920339949,1.89234963793371,-0.143945426023704,0.195412440422432,2.70317188487623,-0.0889688701948611
3.69451052870827,-0.857195152558784,-1.16455428549481,0.804655358651442,0.934779102392978,0.513992836490583
-1.51876282667041,-0.389681271978451,-1.72789049032638,-0.409796992104016,-1.34467861413746,0.477865215218809
-2.20422409175661,0.539624374084657,0.389591805722345,0.74692165917935,0.694569558721401,-0.493199461542327
0.779013679068303,0.382337589950825,-0.552886293194727,-1.57152578261231,1.30646333106862,-0.360489611503309
3.58709342435472,0.501974611694525,1.78607147084882,0.424219763974381,-0.380101807379085,0.075508935818669
-0.831423840453078,-1.55341708913842,0.79315099289306,-0.731881575059647,-0.316080811305201,0.479426241896098
-0.332332171218294,0.380886946735525,-0.951195862994146,0.194354818587153,-0.160976759683964,1.08874619071045
-0.967577304229979,1.06096251955316,-1.49425324170156,1.11611565205165,0.157681003297069,2.19415077272742
-0.933264391709432,-1.0254170270307,2.32318744666759,-0.473420672863086,1.6525937314837,-0.472626492756118
-0.944910407864945,0.254617380403474,-1.66318612736869,-0.6299829298727,0.947365100838206,0.654153874984393
-0.0283181387634494,0.0316855635332223,0.799796884750871,0.0871481530263447,-0.0777239081950148,0.376028525711436
-2.082247567884,-0.623295554255982,-0.336272851637202,-1.17477089448729,-1.10258611523936,-0.347690072844486
-1.2551589895611,0.815377926011878,1.12684982767698,-0.0185410163557228,3.36696057417411,-1.47196558358585
-1.98803228414503,0.558072741596943,2.02404325866025,0.801699432399477,0.232022736133795,-1.4806580768931
0.16481708990076,-1.98955357676891,1.57705956410939,0.209685428709701,1.90945389915993,-0.630026777660755
0.802528648030957,0.936811896841447,0.0327209029802084,-0.716979565250704,-1.00031604112112,0.766262018324908
5.39202689375076,2.04503982085543,-4.51900874135072,-1.34449481725396,1.16470684154821,3.31115384000568
1.01585074473237,-1.4708309554284,1.44143269618624,0.510634474401796,-0.105360750724786,0.906817238236899
-0.256253752859398,2.8825342185538,-0.755313007553459,0.97161243048709,0.0695756127127778,-0.340434500326595
-0.721470120637197,3.44970189792787,-1.15973102867903,-0.0646438552132657,0.163713448555088,1.35078890932912
0.13444971323877,0.637540230658525,-1.89419830084139,-0.673104727688746,0.291264596234379,0.580280352881739
-2.77222570104829,1.13354880821743,-0.618028888682962,-1.4379299571052,0.0894802023131594,0.962817043451704
-0.597165138440403,1.43920703733781,0.118032289457158,1.01142500428348,-1.95239347995293,0.0945117024930589
5.78529867118695,-1.27903563516264,2.62621763638299,0.607394932805918,-1.37359224010756,0.331255097657536
-1.5114362461343,-0.943767503462427,-0.401959002876662,0.982710858851244,1.977360297309,-0.449981274903101
0.93737145434269,-1.26507561249596,-1.37845562863201,0.500991199342166,2.23704035366076,0.846951698275107
-2.44134943405103,-0.725616824046383,-0.212280922097008,0.717796718804532,0.314955836226713,-1.71819450584471
-3.21134611630934,-0.461749578346529,-0.661914612867116,-0.153287164520885,-0.951089782647607,-0.711286444293138
2.10917482073349,1.99606297725613,0.960099473123904,0.456547087037933,2.08587863676646,-0.655968542595969
-0.759880711611582,2.27996199619476,-0.44972338258726,1.68920022045056,0.228098626747045,-0.552884176222308
-2.83569719477549,0.829411293863201,-0.362027889962097,-0.466387063783767,0.107207166930302,-0.24005705120546
-2.96255991245374,-0.633889896990953,0.523557081265699,-0.500987481625163,0.329844394509834,-0.604105750668774
3.58470903315653,-0.286843940186397,-0.605949764465184,3.18903653381858,-0.309053210959235,-0.341980647126645
-1.17800403203275,-0.373257169788129,1.3723236662369,0.897239559502236,-1.48133813286953,-0.240856425266173
-2.04367986392921,-0.792473348037416,-0.966442970183552,-1.8904896006947,-0.509274674518219,0.259108028308358
1.13061380631056,-0.240853481146923,1.11309745976007,-0.461045316239426,-0.178990084638528,1.17560290769876
-0.754379237492029,0.11207747069536,-0.661331221646324,1.27703849976471,0.324443779541147,0.396441172110122
-0.233862011109681,1.15135046845092,-1.65735093136161,0.679240784387297,0.158859604368007,1.69306308800435
2.1728780358899,-2.20238697256196,-0.954756347591506,0.0832166948888962,0.270914368807542,0.995520616294382
2.98141884660124,-1.25051718420454,3.01202636881879,-1.5390002359214,1.68089144382842,0.961893105014122
-0.808644992594995,-2.23859053098349,-0.61097329185953,-0.666320204480209,0.0973021145059771,-0.602596790988454
-3.36406771253589,0.253013910283872,-0.481536102126636,-0.635440822477687,0.0894439150884484,-0.337169114765618
0.829366412286979,-3.37918271848223,-1.18030839047934,0.834388573365761,-0.351662073626742,-0.494981599370292
-1.26066936780803,-1.04988043040308,-0.435717185871904,0.635327177342779,-1.43435889609438,-0.330217934182343
-0.659841109517338,0.624375130871806,-0.785663924606361,0.65302324265896,1.03539960813393,-0.0848926347497397
-1.68103492058684,-0.0495195441856576,0.45850615157649,0.286828434684862,0.1900251101181,-0.608661259672317
5.741854587171,1.30377283952397,1.41712116561906,0.59220123759439,0.710309329165059,0.694248103997709
-2.35673875417576,-1.19421016311021,-0.791003708818943,-0.84068703199747,-0.569693057771941,0.101963687641574
-2.46512659553288,1.36796417906983,-0.745685614304693,1.37306644187016,-0.191071809637333,0.124631504367586
1.89944407003606,-1.0052297111211,0.495977622491937,1.1651863621455,0.301938042016127,0.539404323995736
0.483263734974325,0.655948865670309,-1.11935659654866,1.08596122952728,2.11334626739293,0.5190524350784
-0.91034455209293,0.464242896593268,-1.40014402566669,1.06000804832288,-0.0446713677596564,0.776491771402539
-0.321969492513283,1.45791097291366,-0.209270275386552,0.597100302615268,-0.425573392053165,-1.89515434039549
-1.28776283377783,2.13090588120553,-1.05325844770934,1.37762940093136,0.757869814627682,1.02323074904344
-1.00226070607595,0.218483841468725,-0.494374889132861,-1.29084546326766,-0.896201975410274,-1.1032108458168
-0.864901677558437,1.7116032475807,-0.371208853408763,-0.913120246067354,-0.18029838065916,1.39339974298223
1.31283669815982,1.23640083867327,-1.70729069887934,2.58119238639377,-2.74266017740902,0.0528801957173679
-1.72729527073373,0.180880502946105,-0.878884841153064,-0.00888835410107423,-0.95474336044203,0.131203606849703
3.0353443447485,-0.177251803316756,1.55738986681024,-0.431235126582625,-0.119582028038848,1.12376873464528
-0.149615771668505,0.176597464614065,-0.629665573519606,0.547352799011656,0.12984415634175,-0.532374665040382
-3.84124634341064,0.766631465392099,0.333592203982272,0.256932342417279,-0.701290397992581,-0.144258387954507
1.98594730463374,1.15164440473491,-0.593624267623739,-0.318406474618991,-0.822391505819007,0.449407120994846
0.476100716916077,3.95952288651905,-0.915425636961947,-2.65124993835148,0.348365975357789,1.50318526311511
-1.27544242304778,-0.387664828019602,-0.414134393705512,-0.0690513768030769,0.0522286281436829,-0.278309698427889
1.93781333671344,-1.54226934706255,2.67278670323611,-0.605443601605871,-0.773423189604842,0.589255547708806
-1.34750171094109,-0.826528307048252,-0.679449390029507,0.210352326312435,-0.429855118817323,0.0694982113352562
2.0157678655784,-1.82237063577574,-1.1753176714267,-0.0630158333062017,0.209504261230407,-0.171728805814338
2.57013174593834,-0.89987257956288,-1.06600960619767,-0.0599038114164112,0.79336574380252,0.83428462193936
0.444138734805692,-1.80230753746014,1.19822776714745,0.310167120975503,-0.18334247172418,0.355032276836989
1.85952336339012,-0.17814827665019,2.92944087250467,-0.445191444911548,-1.56678603742927,-0.347891681850192
-1.81139524254784,0.229069239906211,0.181917897637561,-0.110592498379113,1.61540058849173,0.0793175226452276
-2.27301515893609,-1.11063716407744,-0.56588582726333,-0.0275562537511847,0.250395731283888,-0.813284367695873
-2.64612945154229,-0.444384671194427,-0.0508168972962116,-1.02077791366469,0.385685736679424,0.28840890940068
-0.907039197342531,1.21187839758102,2.28739744014067,-0.568881186245202,-0.714827996677389,-1.04382549981303
0.971710264470128,-2.04691921267476,-1.08112506271849,0.197392790498472,-0.077359139116468,-0.0973256319970503
4.15271056291818,4.27802250531507,-2.91885201112432,-3.37534685165984,-0.284329372238726,0.750554656663787
1.40435527598436,-1.95517988653291,0.126900358316487,-0.0292309277508082,-0.267499886885617,-0.37738578470007
2.28643644352128,-1.28499438755238,1.35928702653031,0.683435956391541,0.669649195564348,-0.0919481674118712
-0.0752121879549976,-0.338221027212523,1.32768849044957,3.82991077886273,-3.06836706014359,-1.33995510020839
-1.30466579569789,-0.0977061511402075,-0.408586660729997,0.360946401089197,0.194628308944424,-0.236958271163594
7.88457788408123,-0.977683694053672,-1.42618969718065,1.65584959924754,-0.120686916279781,-2.97155876722572
-2.14846153738703,1.60311443956373,-0.883327949906874,2.29529099231946,-0.849398190633011,0.188043050545071
-1.61907523926175,2.40695654914842,0.578438424429436,3.6322264701684,2.54772984688193,-1.63925585286497
1.86128669542654,-3.23674584400727,-0.854300566512787,-0.0937259760693202,-0.501841373556634,-0.687548880990531
-2.64119876469199,0.253066355977102,-0.0097393857143834,-0.0675314578187494,0.712138772060613,-0.209334426596909
-0.519069272024547,-1.80817307989068,0.5685576922463,0.393779786908393,0.820274542205108,-0.47789105683191
-2.04849284586631,-0.75283704589836,0.0758971032238386,-0.584422727596133,-1.04175029543493,-0.0406728904822078
2.88531497572006,-1.18341045374106,-0.927028623201073,0.56547690849667,2.60924163766025,0.064194394643974
0.364918820112329,0.271304839165143,2.90547669285477,1.48177922555788,-1.22949286142852,-0.558755050642596
-1.71075804026789,0.0111568153712193,0.136459873131622,0.410086642730932,0.344865318803833,-0.0019314278910951
-0.995620535714514,0.847843107197908,-1.77787546208274,-0.235712984617208,-0.160617520677873,1.5662011347282
-2.62050894815813,-0.474967093178179,0.369744107024117,-0.617028674085251,0.323592400828543,-0.670395506327794
-2.10900033237037,0.844840953962895,-0.375671568486269,-0.0287766110374156,0.117614439745669,0.680710517614363
-3.11777197212831,-0.138735497952407,0.528819024707467,0.308186224764478,-0.202385541813895,-0.836314390038116
5.45228872692558,-2.80038098491233,1.11608806453187,0.701697114295806,0.88818071566726,-0.756615173666134
-3.3880466448166,0.496363010061946,-0.429833582075761,-0.339021216193132,-1.41646336767128,-0.0107640874789276
-2.38994866738757,-0.862640565575216,-0.528424390056035,-0.612727752473835,-0.457203681438502,-0.20072235992094
5.05929113112877,4.42135451337386,-1.41025929473995,-1.92796755703024,0.828772823353407,-1.40195515508935
-0.814285962668529,-2.02996459571832,0.753983154435958,0.149283195338172,0.142378662122035,0.479756800331636
1.89010370437902,-1.31506862497631,-1.04648465557505,0.0293489957248467,-0.0897657907222795,-0.579634897828673
-1.53060675986845,0.482750231148614,-0.0733950970317886,0.0575280892711813,-0.49579356318546,0.422201851928799
1.95229860591739,-2.94235058528987,-0.0758380765867672,0.662354164516494,0.871590353028029,-0.397258400953513
