"area_mean","symmetry_mean","fractal_dimension_mean","radius_se","texture_se","smoothness_se","concavity_se","concave.points_se","symmetry_se","fractal_dimension_se","texture_worst","smoothness_worst","compactness_worst","symmetry_worst","fractal_dimension_worst"
428,0.1533,0.06057,0.2222,0.8652,0.005517,0.02045,0.006747,0.01616,0.002922,24.99,0.128,0.188,0.2535,0.07993
580.6,0.1792,0.05897,0.1402,0.5417,0.005212,0.02443,0.008356,0.01818,0.004868,19.64,0.1275,0.3104,0.3387,0.09638
403.5,0.1388,0.0657,0.2388,2.904,0.0082,0.05738,0.01267,0.01488,0.004738,37.16,0.1298,0.2517,0.2112,0.08732
492.1,0.1638,0.061,0.1807,0.6931,0.006064,0.006564,0.007978,0.01374,0.001392,17.48,0.1298,0.1472,0.2369,0.06922
585.9,0.1405,0.05848,0.3563,0.4833,0.006432,0.007741,0.005657,0.01227,0.002564,17.5,0.1072,0.1071,0.1859,0.0681
600.4,0.1537,0.06171,0.3645,1.492,0.007256,0.02071,0.01626,0.0208,0.005304,33.17,0.1241,0.2264,0.225,0.08321
998.9,0.1538,0.0551,0.4212,1.433,0.005444,0.01622,0.008522,0.01419,0.002751,34.69,0.1315,0.1806,0.2504,0.07948
813.7,0.1948,0.06277,0.4375,1.232,0.006697,0.03248,0.01392,0.01536,0.002789,30.38,0.159,0.2947,0.3103,0.082
928.2,0.1813,0.05613,0.3093,0.8568,0.004757,0.02332,0.01262,0.01394,0.002362,25.09,0.1416,0.2405,0.3138,0.08113
289.7,0.2538,0.07029,0.6965,1.747,0.01307,0.006021,0.01052,0.031,0.004225,23.17,0.1398,0.1352,0.3196,0.08009
466.5,0.1544,0.05976,0.2239,1.139,0.005096,0.00941,0.004551,0.01608,0.002399,31.99,0.1256,0.1804,0.31,0.08203
1194,0.2082,0.05715,0.6226,2.284,0.004756,0.04345,0.01806,0.03756,0.003288,34.66,0.1218,0.3458,0.4045,0.07918
1094,0.1697,0.05699,0.8529,1.849,0.01075,0.05081,0.01911,0.02293,0.004217,27.26,0.1338,0.2117,0.2341,0.07421
657.1,0.1454,0.06147,0.2254,1.108,0.004242,0.06578,0.01606,0.01638,0.004406,27.27,0.1026,0.3171,0.2258,0.08004
951.6,0.1506,0.05491,0.3971,0.8282,0.00609,0.02713,0.01345,0.01594,0.002658,25.84,0.1381,0.342,0.2928,0.07867
519.4,0.254,0.06087,0.4202,1.322,0.007017,0.01949,0.01153,0.02951,0.001533,24.11,0.1297,0.1105,0.3196,0.06435
929.4,0.1927,0.06487,0.5907,1.041,0.00582,0.04252,0.01127,0.01527,0.006299,33.82,0.1585,0.7394,0.3313,0.1339
599.4,0.1813,0.05536,0.1555,0.5762,0.003308,0.009904,0.004832,0.01316,0.002095,21.8,0.09384,0.2006,0.2679,0.07698
526.4,0.1395,0.05234,0.1731,1.142,0.003418,0.001595,0.001852,0.01613,0.0009683,29.02,0.08125,0.03432,0.2295,0.05843
984.6,0.1538,0.06365,1.088,1.41,0.006174,0.04644,0.01569,0.01145,0.00512,32.33,0.1376,0.383,0.216,0.093
561,0.1635,0.05859,0.338,1.916,0.005436,0.03099,0.009919,0.0203,0.003009,30.04,0.1005,0.173,0.2446,0.07024
445.2,0.1657,0.06608,0.2513,0.504,0.007327,0.01798,0.007986,0.01962,0.002234,15.77,0.1521,0.1632,0.2781,0.08052
981.6,0.1713,0.05916,0.3897,1.077,0.004714,0.03697,0.0111,0.01237,0.002556,38.54,0.1401,0.3762,0.2972,0.09075
477.3,0.1472,0.05561,0.3778,2.2,0.007357,0.009959,0.0112,0.03433,0.002961,20.21,0.08409,0.04712,0.1901,0.05932
448.6,0.159,0.05907,0.1822,0.7285,0.005528,0.008342,0.006273,0.01465,0.00253,18.41,0.1275,0.1232,0.2514,0.07898
363.7,0.1449,0.06031,0.1753,1.027,0.003478,0.01072,0.009393,0.02941,0.003428,14.82,0.09312,0.07506,0.2143,0.06643
347,0.1897,0.06329,0.2497,1.493,0.007189,0.01081,0.006245,0.02158,0.002619,35.19,0.1499,0.1398,0.3409,0.08147
1245,0.2906,0.08142,0.9317,1.885,0.01038,0.1091,0.02593,0.07895,0.005987,31.72,0.1639,0.6164,0.544,0.09964
435.6,0.2015,0.05875,0.6412,2.293,0.01418,0.01267,0.0191,0.02678,0.003002,18.99,0.1359,0.08368,0.222,0.06033
463.7,0.1667,0.05474,0.2382,0.8355,0.005996,0.02117,0.006433,0.02025,0.001725,19.59,0.1096,0.165,0.2482,0.06306
519.8,0.235,0.07389,0.3063,1.002,0.005731,0.03553,0.01226,0.02143,0.003749,30.73,0.1703,0.5401,0.4378,0.1072
858.1,0.159,0.05648,0.4564,1.075,0.005903,0.0473,0.01557,0.01318,0.003892,34.12,0.1139,0.3094,0.2218,0.0782
2250,0.18,0.0577,0.8361,1.481,0.004631,0.03109,0.01241,0.01575,0.002747,32.85,0.1472,0.4034,0.2856,0.08082
1110,0.1943,0.06132,0.8191,1.931,0.008074,0.05321,0.01834,0.02383,0.004515,30.93,0.139,0.3463,0.3007,0.08314
469.1,0.1571,0.05708,0.3833,0.9078,0.007702,0.01307,0.0103,0.0297,0.001432,16.85,0.1048,0.06744,0.2298,0.05974
2010,0.1956,0.06121,0.9948,0.8509,0.006369,0.04266,0.01508,0.02335,0.003385,23.58,0.153,0.5937,0.369,0.08815
441.3,0.182,0.0685,0.2623,1.204,0.00832,0.02334,0.01665,0.02094,0.003674,30.36,0.1311,0.1822,0.2599,0.08251
508.3,0.1574,0.0575,0.3639,1.265,0.005421,0.04545,0.01384,0.01869,0.004067,21.06,0.09534,0.1812,0.1988,0.07053
338.3,0.2188,0.0845,0.1115,1.231,0.008499,0.1535,0.02919,0.01617,0.0122,22.82,0.1143,0.3619,0.2597,0.12
480.1,0.1526,0.06046,0.1532,0.781,0.003796,0.01346,0.007096,0.01536,0.001541,24.34,0.1276,0.2506,0.3035,0.07661
1293,0.1618,0.05557,0.5781,0.9168,0.006208,0.02375,0.01461,0.01445,0.001906,26.37,0.1327,0.2376,0.2609,0.06735
470.9,0.172,0.05914,0.2505,1.025,0.004854,0.01826,0.007965,0.01386,0.002304,23.21,0.1176,0.1843,0.2618,0.07609
387.3,0.194,0.06028,0.2976,1.966,0.01289,0.003297,0.004967,0.04243,0.001963,25.78,0.1424,0.09669,0.3292,0.06522
788.5,0.199,0.06572,0.1745,0.489,0.00451,0.01951,0.01196,0.01934,0.003696,19.14,0.1235,0.255,0.3153,0.0896
1162,0.1853,0.06261,0.5558,0.6062,0.005015,0.03497,0.009643,0.01543,0.003896,30.9,0.1509,0.659,0.3672,0.1123
396.5,0.1487,0.06529,0.2344,0.9861,0.009113,0.02443,0.006435,0.01568,0.002477,29.15,0.1699,0.2196,0.2829,0.08832
594.2,0.1976,0.06457,0.5461,2.635,0.01004,0.04763,0.02853,0.01715,0.005528,15.38,0.1394,0.1364,0.216,0.07253
512.2,0.1778,0.06235,0.2143,0.7712,0.005324,0.0151,0.007584,0.02104,0.001887,21.82,0.1312,0.2548,0.3549,0.08118
2499,0.1648,0.05525,2.873,1.476,0.01345,0.06389,0.01407,0.04783,0.004476,18.47,0.1142,0.1516,0.1648,0.05525
358.9,0.1861,0.06837,0.1482,0.538,0.004474,0.02757,0.006691,0.01212,0.004672,19.35,0.1332,0.3898,0.2581,0.108
403.1,0.1411,0.06243,0.3278,1.059,0.006652,0.02221,0.007807,0.01894,0.003411,21.61,0.1144,0.1789,0.2208,0.07638
1217,0.1792,0.06552,1.111,1.161,0.006056,0.05638,0.01733,0.01884,0.004787,26.24,0.1495,0.4116,0.2968,0.09929
380.3,0.1615,0.06144,0.2865,1.678,0.006908,0.006972,0.006159,0.02694,0.00206,28.92,0.1282,0.1108,0.2976,0.07123
685,0.2041,0.06898,0.253,0.8749,0.006965,0.07926,0.02234,0.01499,0.005784,27.57,0.1419,0.709,0.2866,0.1155
246.3,0.1788,0.06833,0.1746,1.305,0.007389,0.003681,0.003472,0.02701,0.002153,20.07,0.09861,0.05232,0.2991,0.07804
428.9,0.1718,0.0578,0.1859,1.926,0.007831,0.01556,0.00624,0.03139,0.001988,26.48,0.1356,0.1,0.32,0.06576
476.7,0.2082,0.07325,0.3921,1.207,0.007234,0.1114,0.02721,0.03232,0.009627,21.03,0.1175,0.4061,0.3231,0.1034
716.6,0.1594,0.05986,0.2711,0.3621,0.005472,0.02039,0.00826,0.01523,0.002881,20.24,0.1491,0.3331,0.3415,0.0974
1203,0.2069,0.05999,0.7456,0.7869,0.00615,0.03832,0.02058,0.0225,0.004571,25.53,0.1444,0.4245,0.3613,0.08758
1214,0.1802,0.06188,0.5079,0.8737,0.005089,0.03052,0.01178,0.01057,0.003391,25.23,0.1417,0.3309,0.2549,0.09136
512,0.2035,0.06501,0.3106,1.51,0.007807,0.05112,0.01876,0.0286,0.005715,24.85,0.1343,0.2658,0.3113,0.08317
698.8,0.1565,0.05504,1.214,2.188,0.006883,0.01818,0.01917,0.007882,0.001754,25.2,0.09387,0.05131,0.1565,0.05504
712.8,0.1616,0.05684,0.3105,0.8339,0.004675,0.01603,0.009222,0.01095,0.001629,31.69,0.1389,0.2057,0.2675,0.07873
373.2,0.1714,0.0634,0.1967,1.387,0.005158,0.01056,0.007483,0.01718,0.002198,26.44,0.1369,0.1482,0.2998,0.07881
563,0.1784,0.05587,0.2385,0.8265,0.00328,0.0139,0.006881,0.0138,0.001286,30.25,0.1094,0.2043,0.2994,0.07146
793.2,0.1782,0.05976,0.3371,0.7476,0.005839,0.03715,0.01459,0.01467,0.003121,21.98,0.1435,0.4478,0.3019,0.09124
1311,0.2395,0.07398,0.6298,0.7629,0.004253,0.03872,0.01567,0.01798,0.005295,33.48,0.1491,0.7584,0.4098,0.1284
684.5,0.1881,0.05907,0.2318,0.4966,0.004119,0.03644,0.01155,0.01391,0.003204,19.31,0.1136,0.3627,0.2954,0.08362
686.9,0.1687,0.05669,0.2446,0.4334,0.003271,0.0231,0.008399,0.01148,0.002379,18.22,0.1065,0.2791,0.2688,0.08273
170.4,0.2037,0.07751,0.2196,1.479,0.01547,0.09252,0.01364,0.02105,0.007551,31.89,0.1596,0.3064,0.279,0.1066
537.3,0.1632,0.05894,0.1903,0.5735,0.003632,0.001128,0.002386,0.01344,0.002585,20.45,0.1128,0.1346,0.2651,0.08385
2501,0.2061,0.05623,2.547,1.306,0.00765,0.08055,0.02598,0.01697,0.004558,31.37,0.1357,0.4256,0.2641,0.07427
466.1,0.193,0.06404,0.2978,1.502,0.007112,0.02703,0.01293,0.01958,0.004463,30.5,0.1304,0.2463,0.2972,0.09261
408.2,0.1886,0.0632,0.2456,0.7339,0.005884,0.02631,0.01304,0.01848,0.001982,19.67,0.1415,0.217,0.2787,0.07427
1670,0.1909,0.06309,1.058,0.9635,0.006428,0.04497,0.01716,0.0159,0.003053,34.51,0.1481,0.4126,0.3103,0.08677
562.1,0.1421,0.05763,0.1689,1.15,0.004942,0.007508,0.005179,0.01442,0.001684,35.63,0.1108,0.1457,0.2694,0.07061
324.9,0.1885,0.06201,0.2104,0.967,0.007086,0.01012,0.005495,0.0156,0.002606,21.77,0.1285,0.08842,0.2681,0.07399
294.5,0.135,0.0689,0.335,2.043,0.01113,0.005308,0.00525,0.01801,0.005667,26.29,0.1316,0.09473,0.1934,0.08988
728.2,0.1717,0.06097,0.3129,0.8413,0.009882,0.04531,0.01763,0.02471,0.002142,25.84,0.1257,0.1997,0.2556,0.06828
538.4,0.1628,0.05781,0.2351,1.597,0.004973,0.01498,0.009117,0.01724,0.001343,37.17,0.1072,0.1381,0.2473,0.06443
668.7,0.1521,0.05912,0.3428,0.3981,0.004732,0.01855,0.01067,0.02163,0.002783,17.93,0.122,0.2009,0.3109,0.08187
704.4,0.2521,0.07032,0.4388,0.7096,0.006789,0.06446,0.02252,0.03672,0.004394,19.08,0.139,0.5954,0.4667,0.09946
632.6,0.1508,0.05376,0.1302,0.7198,0.003492,0.004826,0.003608,0.01536,0.001381,20.65,0.08567,0.05036,0.2458,0.0612
502.5,0.159,0.05653,0.2368,0.8732,0.007962,0.01585,0.008662,0.02254,0.001906,19.76,0.1296,0.07061,0.2383,0.0641
656.4,0.1872,0.06341,0.2542,1.079,0.007138,0.03829,0.01162,0.02068,0.006111,31.73,0.134,0.4202,0.3187,0.1023
886.3,0.1893,0.05534,0.599,1.391,0.006123,0.02626,0.01604,0.02091,0.003493,26.3,0.1168,0.2119,0.281,0.07228
412.6,0.162,0.06582,0.2315,0.5391,0.006153,0.01693,0.006884,0.01651,0.002551,17.16,0.1431,0.1851,0.2772,0.08756
419.8,0.1993,0.06453,0.5018,1.693,0.009433,0.04167,0.01152,0.03397,0.005061,26.21,0.1358,0.1892,0.3168,0.07987
711.8,0.1721,0.05544,0.1783,0.4125,0.005012,0.01551,0.009155,0.01647,0.001767,15.73,0.1126,0.1737,0.2487,0.06766
546.4,0.1496,0.05674,0.2927,0.8907,0.006032,0.02259,0.009057,0.01482,0.002496,23.6,0.1276,0.1311,0.2506,0.07623
736.9,0.1966,0.07069,0.4209,0.6583,0.005393,0.04303,0.0132,0.01792,0.004168,17.04,0.1531,0.3583,0.3216,0.101
464.5,0.1551,0.06761,0.2949,1.656,0.01134,0.03125,0.01135,0.01879,0.005348,28.68,0.1452,0.2338,0.2268,0.09082
201.9,0.1769,0.06503,0.1563,0.9567,0.008968,0.01588,0.005917,0.02574,0.002582,21.96,0.1297,0.1357,0.3105,0.07409
689.4,0.1668,0.06869,0.372,0.8423,0.004123,0.01996,0.01004,0.01055,0.003237,20.43,0.1135,0.2176,0.2177,0.08549
501.3,0.1459,0.05544,0.2954,0.8836,0.007337,0.005383,0.005623,0.0194,0.00118,20.96,0.1068,0.09605,0.2165,0.06025
485.6,0.1641,0.06854,0.2324,0.6332,0.005704,0.02636,0.01032,0.01759,0.003563,22.15,0.1533,0.3842,0.323,0.1033
819.8,0.1711,0.05657,0.2067,0.4706,0.007394,0.0247,0.01431,0.01344,0.002569,17.76,0.1354,0.1361,0.23,0.0723
538.7,0.1713,0.05888,0.3237,1.473,0.007802,0.01341,0.005564,0.02086,0.002701,28.46,0.1118,0.1646,0.2687,0.07429
391.2,0.1927,0.06211,0.243,1.01,0.008577,0.02099,0.01107,0.02434,0.001217,23.03,0.1483,0.1574,0.306,0.06783
651.9,0.2116,0.06346,0.5115,0.7372,0.005508,0.04436,0.01623,0.02427,0.004841,18.24,0.1277,0.3089,0.3151,0.08473
716.6,0.1647,0.06464,0.6534,1.506,0.01052,0.04912,0.01746,0.0212,0.004867,33.22,0.166,0.2356,0.2654,0.09438
597.8,0.2251,0.07421,0.5648,1.93,0.008824,0.03112,0.01291,0.01998,0.004506,41.85,0.2226,0.5209,0.4432,0.1086
520,0.1942,0.06902,0.286,1.016,0.006794,0.0398,0.01383,0.02134,0.004603,23.19,0.1536,0.4791,0.3527,0.1016
403.3,0.1667,0.06113,0.1408,0.4607,0.00604,0.01514,0.00646,0.01344,0.002206,15.97,0.1548,0.239,0.3016,0.08523
514,0.1761,0.0654,0.2684,0.5664,0.005727,0.04393,0.009811,0.02751,0.004572,21.95,0.1288,0.3253,0.3596,0.09166
406.4,0.2131,0.07405,0.2957,1.978,0.01288,0.01865,0.01766,0.0156,0.005824,32.19,0.1768,0.3251,0.2803,0.0997
1320,0.1848,0.06222,0.5904,1.216,0.006666,0.04062,0.01479,0.01117,0.003727,30.76,0.1464,0.3597,0.248,0.08999
590,0.1773,0.05429,0.4347,1.057,0.004351,0.03371,0.01007,0.02598,0.003087,26.34,0.09368,0.1442,0.2663,0.06321
492.9,0.1799,0.05826,0.1692,0.6674,0.003888,0.01256,0.006888,0.01608,0.001638,22.15,0.1225,0.1517,0.327,0.0733
1130,0.1582,0.05461,0.7888,0.7975,0.004444,0.02269,0.0137,0.01386,0.001698,26.58,0.1193,0.2336,0.2551,0.06589
805.1,0.1876,0.06684,0.2873,0.9173,0.004563,0.03872,0.01209,0.01388,0.004081,25.09,0.1365,0.4706,0.277,0.1063
280.5,0.2036,0.07125,0.1844,0.9429,0.005954,0.05028,0.00851,0.0175,0.004031,23.07,0.1233,0.3416,0.2982,0.09825
412.7,0.1516,0.05859,0.1816,0.7656,0.006709,0.0208,0.007497,0.02124,0.002768,24.02,0.1342,0.1808,0.321,0.07863
747.2,0.1784,0.06259,0.163,0.3871,0.006034,0.03336,0.01067,0.01175,0.002256,14.2,0.1541,0.2979,0.2557,0.08181
227.2,0.1722,0.06724,0.2204,0.7873,0.009172,0,0,0.02711,0.003399,17.04,0.1162,0.07057,0.2592,0.07848
493.1,0.1709,0.07253,0.4426,1.169,0.005273,0.01405,0.01244,0.01816,0.003299,24.37,0.1456,0.2961,0.2582,0.08893
584.1,0.1662,0.06566,0.2787,0.6205,0.004717,0.01759,0.009206,0.0122,0.00313,20.86,0.1411,0.3542,0.2589,0.103
1308,0.2127,0.06251,0.6986,0.9901,0.004578,0.04005,0.01421,0.01948,0.002689,25.48,0.1268,0.3135,0.3077,0.07569
399.8,0.1734,0.05865,0.1759,0.9938,0.005133,0.01434,0.008602,0.01501,0.001588,22.02,0.119,0.1648,0.2676,0.06765
248.7,0.2378,0.09502,0.4076,1.093,0.009783,0.03483,0.02188,0.02542,0.01045,16.38,0.1902,0.3441,0.3038,0.1252
645.7,0.1949,0.07292,0.7036,1.268,0.009407,0.06899,0.01848,0.017,0.006113,29.51,0.164,0.6247,0.2844,0.1132
1104,0.231,0.06343,0.9811,1.666,0.006548,0.09723,0.02638,0.05333,0.007646,33.17,0.1247,0.7444,0.467,0.1038
817.7,0.1798,0.05391,0.7474,1.016,0.01082,0.035,0.01809,0.0155,0.001948,24.56,0.15,0.2045,0.265,0.06387
203.9,0.2222,0.08261,0.1935,1.962,0.01243,0.07753,0.01022,0.02309,0.01178,29.72,0.163,0.431,0.3322,0.1486
1347,0.2149,0.06879,0.9622,1.026,0.006399,0.07845,0.02624,0.02057,0.006213,29.41,0.1407,0.4186,0.2929,0.09873
1747,0.1797,0.05506,1.009,0.9245,0.006292,0.03582,0.01301,0.01479,0.003118,30.73,0.1515,0.2678,0.2593,0.07738
618.4,0.1506,0.06009,0.3478,1.018,0.004107,0.02821,0.0135,0.0161,0.002744,27.26,0.1153,0.3429,0.2534,0.07858
390,0.1773,0.06081,0.2144,0.9961,0.005617,0.0009737,0.002941,0.017,0.00203,22.06,0.1166,0.09794,0.2815,0.07418
477.3,0.1613,0.06013,0.3276,1.486,0.01039,0.006416,0.007895,0.02869,0.004821,16.36,0.09439,0.06477,0.228,0.07028
402,0.1167,0.06217,0.3344,1.108,0.007356,0.05915,0.01712,0.02165,0.004784,17.7,0.1121,0.161,0.1811,0.07427
585,0.1473,0.0558,0.25,0.7574,0.002838,0.0178,0.005828,0.01329,0.001976,22.46,0.09711,0.1824,0.235,0.07014
221.8,0.1828,0.06757,0.3582,2.067,0.01193,0.03,0.009259,0.03357,0.003048,27.04,0.1639,0.1698,0.2972,0.07712
512.2,0.201,0.05769,0.2345,1.219,0.005518,0.02589,0.00633,0.02593,0.002157,23.64,0.1256,0.1808,0.3604,0.07062
644.2,0.165,0.06121,0.306,0.7213,0.006133,0.01615,0.01136,0.02207,0.003563,16.93,0.1347,0.1478,0.2606,0.0781
507.9,0.1539,0.05637,0.2409,1.367,0.008835,0.01328,0.009305,0.01897,0.001726,36,0.1234,0.1064,0.2407,0.06484
420.3,0.2009,0.06506,0.3446,0.7395,0.009536,0.01651,0.01121,0.01953,0.0031,18.16,0.146,0.1115,0.2765,0.07806
1001,0.2419,0.07871,1.095,0.9053,0.006399,0.05373,0.01587,0.03003,0.006193,17.33,0.1622,0.6656,0.4601,0.1189
1076,0.1953,0.05629,0.5495,0.6636,0.003872,0.0371,0.012,0.01964,0.003337,30.41,0.1249,0.3206,0.3956,0.09288
571.8,0.1353,0.05953,0.1872,0.9234,0.004477,0.01079,0.007956,0.01325,0.002551,23.19,0.1089,0.1582,0.2346,0.08025
826.8,0.1869,0.06532,0.5706,1.457,0.01056,0.05839,0.01186,0.04022,0.006187,25.21,0.1426,0.2116,0.2736,0.07953
416.2,0.1859,0.06461,0.2067,0.8745,0.005251,0.0184,0.005298,0.01449,0.002671,28.81,0.155,0.2964,0.3206,0.0895
464.4,0.1539,0.05945,0.184,1.532,0.007881,0.007004,0.006522,0.01939,0.002222,28.46,0.1222,0.09052,0.2554,0.07207
551.7,0.1386,0.05318,0.4057,1.153,0.004481,0.01358,0.01082,0.01069,0.001435,22.35,0.1006,0.1238,0.2027,0.06206
1384,0.1554,0.05661,0.6643,1.361,0.005467,0.03185,0.01466,0.01029,0.002205,32.07,0.1368,0.3101,0.2268,0.07425
512.2,0.1596,0.06409,0.2025,0.4402,0.005501,0.08158,0.0137,0.01266,0.007555,17.7,0.1254,0.5849,0.2639,0.1178
288.1,0.1653,0.06447,0.3539,4.885,0.001713,0,0,0.03799,0.001688,20.83,0.07117,0.02729,0.1909,0.06559
1052,0.186,0.05941,0.5449,0.9225,0.006176,0.02913,0.01046,0.01559,0.002725,26.2,0.1492,0.2536,0.3074,0.07863
378.4,0.203,0.06552,0.28,1.467,0.003495,0.03445,0.01024,0.02912,0.004723,28.26,0.1087,0.1782,0.3169,0.08032
575.3,0.1717,0.0566,0.3242,0.6612,0.00647,0.0181,0.01103,0.01898,0.001794,19.05,0.1278,0.1291,0.253,0.0651
566.2,0.1365,0.05335,0.2244,0.6864,0.003338,0.00203,0.003242,0.0148,0.001566,16.94,0.09023,0.05836,0.2267,0.06192
288.5,0.1903,0.06422,0.1988,0.496,0.00604,0,0,0.02277,0.00322,14.1,0.1234,0.07204,0.3105,0.08151
1174,0.1989,0.05884,0.6107,2.836,0.01124,0.07469,0.03441,0.02768,0.00624,30.44,0.1251,0.2414,0.2576,0.07602
417.2,0.1935,0.05878,0.2512,1.786,0.006122,0.01596,0.006998,0.03194,0.002211,31.62,0.09545,0.1361,0.3244,0.06745
1076,0.1907,0.06049,0.6289,0.6633,0.006294,0.05554,0.01695,0.02428,0.003535,21.32,0.1679,0.509,0.3799,0.09185
257.8,0.2197,0.07696,0.3538,1.13,0.01546,0.02197,0.0158,0.03997,0.003901,17.84,0.185,0.2097,0.3681,0.08982
664.9,0.1632,0.05255,0.316,0.9115,0.005031,0.005325,0.006324,0.01494,0.0008948,21.75,0.1011,0.07087,0.253,0.05695
514.5,0.158,0.06114,0.4993,1.798,0.006011,0.05175,0.01341,0.02669,0.007731,27.01,0.09402,0.1936,0.2488,0.08151
386.3,0.2018,0.06914,0.2562,0.9858,0.006635,0.02101,0.01164,0.02108,0.003721,20.53,0.161,0.2429,0.3343,0.09215
458.7,0.1739,0.05677,0.1924,1.571,0.00508,0.01069,0.006797,0.01447,0.001532,32.84,0.1123,0.08862,0.2694,0.06878
832.9,0.1794,0.06323,0.3037,1.284,0.006627,0.05371,0.01813,0.01682,0.004584,28.45,0.1415,0.4667,0.3054,0.09519
361.6,0.1976,0.06328,0.5196,1.918,0.008263,0.01277,0.005917,0.02466,0.002977,31.45,0.1204,0.1633,0.3059,0.07626
507.4,0.1694,0.06287,0.7311,1.748,0.004571,0.02176,0.01757,0.03373,0.005875,23.5,0.09388,0.08978,0.2179,0.06871
346.4,0.1922,0.06491,0.4505,1.197,0.00747,0.03354,0.01365,0.03504,0.003318,22.94,0.1213,0.2515,0.294,0.07587
386.1,0.2597,0.09744,0.4956,1.156,0.00911,0.05661,0.01867,0.05963,0.009208,26.5,0.2098,0.8663,0.6638,0.173
857.6,0.1846,0.05325,0.2473,0.5679,0.002667,0.01423,0.005297,0.01961,0.0017,26.56,0.1009,0.292,0.4677,0.07623
530.6,0.1453,0.05518,0.3975,0.8285,0.004148,0.002831,0.004821,0.01422,0.002273,17.4,0.1016,0.05847,0.2107,0.0658
640.7,0.1856,0.06402,0.2929,0.857,0.003818,0.02882,0.012,0.0191,0.002808,15.98,0.1313,0.1788,0.2889,0.08006
300.2,0.2548,0.09296,0.8245,2.664,0.01097,0.396,0.05279,0.03546,0.02984,19.49,0.1292,0.2772,0.3108,0.1259
432,0.2678,0.07371,0.3197,1.426,0.005427,0.04649,0.01843,0.05628,0.004635,26.38,0.1385,0.4092,0.5774,0.103
426,0.1499,0.06758,0.1924,0.6417,0.006982,0.04017,0.01528,0.0226,0.006822,17.6,0.1073,0.2793,0.2604,0.09879
221.2,0.2163,0.07359,0.3368,2.777,0.02075,0,0,0.06146,0.00682,22.44,0.1347,0.07767,0.3142,0.08116
372.7,0.2003,0.06246,0.1642,1.031,0.005296,0.01723,0.00696,0.0188,0.001941,20.83,0.1095,0.1982,0.3202,0.07287
840.4,0.2175,0.06218,0.4312,1.022,0.005635,0.06072,0.01656,0.03197,0.004085,31.03,0.1415,0.4665,0.4824,0.09614
1088,0.2183,0.06197,0.8307,1.466,0.006248,0.05196,0.01158,0.02007,0.00456,34.01,0.1491,0.4257,0.3444,0.09782
629.8,0.1926,0.05982,0.2027,1.851,0.006113,0.04645,0.01276,0.01451,0.003756,34.27,0.138,0.2733,0.2698,0.08351
1157,0.1741,0.05176,1,0.6336,0.009406,0.04344,0.02794,0.03156,0.003362,17.81,0.1124,0.2016,0.2443,0.06251
1335,0.1571,0.05478,0.6137,0.6575,0.006211,0.02681,0.01232,0.01276,0.001711,23.17,0.1562,0.3055,0.2689,0.07055
668.3,0.1953,0.06654,0.3577,1.281,0.006703,0.02315,0.01184,0.019,0.003224,33.39,0.1648,0.3416,0.3321,0.08911
584.8,0.162,0.06688,0.272,1.047,0.006298,0.02615,0.009061,0.0149,0.003599,24.75,0.1264,0.2037,0.2249,0.08492
1288,0.1814,0.05572,0.3977,1.033,0.005043,0.02117,0.008185,0.01282,0.001892,39.16,0.1522,0.2945,0.3151,0.07999
285.7,0.158,0.06235,0.2957,1.363,0.00744,0.02337,0.009615,0.02203,0.004154,25.59,0.1199,0.09546,0.2552,0.0792
336.1,0.2217,0.06481,0.355,1.534,0.007595,0.0288,0.008614,0.0271,0.003451,23.31,0.1219,0.1486,0.2826,0.07552
271.3,0.1742,0.06059,0.5375,2.927,0.01159,0,0,0.03004,0.003324,34.24,0.1073,0.07158,0.2475,0.06969
359.9,0.2016,0.05977,0.3077,1.621,0.006543,0.02991,0.01045,0.01844,0.00269,32.04,0.1303,0.1696,0.2965,0.07662
782.7,0.1847,0.05338,0.4033,1.078,0.009769,0.05051,0.01992,0.02981,0.003002,27.66,0.1131,0.1924,0.2809,0.06287
370,0.1486,0.06615,0.3796,1.743,0.009519,0.0199,0.01155,0.02079,0.002701,25.58,0.1363,0.1644,0.2251,0.07732
537.9,0.1619,0.05584,0.2084,1.35,0.005768,0.0151,0.006451,0.01347,0.001828,34.23,0.1289,0.1063,0.2444,0.06788
506.3,0.1585,0.06065,0.2367,1.38,0.007499,0.02332,0.00892,0.01647,0.002629,33.37,0.1419,0.1523,0.2829,0.08067
994,0.2113,0.07115,0.403,0.7747,0.007159,0.06165,0.01051,0.01591,0.005099,27.78,0.1873,0.5917,0.3245,0.1198
464.1,0.1959,0.05955,0.236,0.6656,0.008045,0.01683,0.01241,0.01924,0.002248,15.64,0.1385,0.1266,0.2827,0.06771
333.6,0.1925,0.06915,0.3276,1.127,0.007364,0.05263,0.01264,0.02161,0.00483,21.57,0.1327,0.2996,0.302,0.09646
230.9,0.1649,0.07633,0.1665,0.5864,0.008261,0.03259,0.0104,0.01708,0.003806,19.62,0.1724,0.2364,0.2926,0.1017
955.1,0.1739,0.06149,0.6003,0.8225,0.005627,0.03407,0.01354,0.01925,0.003742,19.52,0.1255,0.2812,0.2756,0.07919
558.1,0.1806,0.06079,0.2136,1.332,0.005442,0.03304,0.01367,0.01315,0.002464,27.2,0.1428,0.257,0.2666,0.07686
731.3,0.1807,0.07083,0.3331,1.961,0.009538,0.06019,0.02041,0.02105,0.006,36.33,0.1732,0.4967,0.3013,0.1067
409,0.192,0.05907,0.3249,0.9591,0.008328,0.01349,0.00867,0.03218,0.002386,22.47,0.1249,0.0872,0.3306,0.07036
557.2,0.1375,0.06016,0.3408,1.924,0.005841,0.007936,0.009128,0.01564,0.002985,41.61,0.1172,0.1421,0.2196,0.07675
412.5,0.1801,0.0652,0.306,1.657,0.00854,0.02945,0.01398,0.01565,0.00384,29.26,0.1688,0.266,0.2806,0.09097
421,0.1671,0.05731,0.3534,0.6724,0.006583,0.005949,0.006296,0.02216,0.002668,19.74,0.09958,0.06476,0.2731,0.06825
461,0.1979,0.06013,0.3534,1.326,0.007514,0.01401,0.0114,0.01503,0.003338,28.36,0.1429,0.2042,0.2668,0.08174
1326,0.1812,0.05667,0.5435,0.7339,0.005225,0.0186,0.0134,0.01389,0.003532,23.41,0.1238,0.1866,0.275,0.08902
587.4,0.211,0.05853,0.2479,0.9195,0.004235,0.01457,0.01043,0.01528,0.001593,21.74,0.1185,0.1724,0.2955,0.06912
582.7,0.1609,0.05871,0.4565,1.29,0.005872,0.02647,0.009921,0.01465,0.002355,35.27,0.1265,0.1943,0.2651,0.07397
1068,0.1832,0.06697,0.7923,1.045,0.007974,0.04435,0.01573,0.01617,0.005255,22.88,0.1412,0.3089,0.251,0.09445
271.2,0.2025,0.06601,0.4302,2.878,0.01474,0.01367,0.008674,0.03044,0.00459,31.24,0.1526,0.1193,0.2872,0.08304
701.9,0.1561,0.05915,0.386,1.198,0.004952,0.02967,0.009423,0.01152,0.001718,28.06,0.1246,0.2101,0.2282,0.06954
689.5,0.1744,0.06493,0.422,1.909,0.00579,0.05303,0.01527,0.03356,0.009368,25.47,0.0997,0.2521,0.2852,0.09218
685.9,0.178,0.0565,0.2713,1.217,0.00508,0.007276,0.009073,0.0135,0.001706,23,0.1216,0.1637,0.2404,0.06428
1306,0.1467,0.05177,0.6874,1.041,0.007959,0.04257,0.01671,0.01341,0.003933,26.17,0.1228,0.2311,0.2238,0.07127
449.9,0.1854,0.05698,0.6061,2.643,0.007517,0.01465,0.01183,0.02047,0.003883,33.33,0.1041,0.09726,0.2404,0.06639
260.9,0.2341,0.06963,0.4098,2.265,0.008738,0.04312,0.0156,0.04192,0.005822,19.23,0.09836,0.1678,0.3282,0.0849
178.8,0.187,0.07285,0.3777,1.462,0.01266,0,0,0.02882,0.006872,30.92,0.1256,0.0834,0.3058,0.09938
673.7,0.1573,0.05703,0.3028,0.6683,0.005756,0.01461,0.008281,0.01551,0.002168,20.54,0.1218,0.155,0.2525,0.06827
1155,0.1978,0.06,0.5243,1.802,0.01061,0.03915,0.01559,0.02186,0.003949,30.53,0.1463,0.2968,0.292,0.07614
1167,0.1823,0.06115,0.5659,1.408,0.005288,0.04256,0.01176,0.01717,0.003211,30.39,0.1514,0.3725,0.3266,0.09009
716.9,0.2128,0.07152,0.2602,1.205,0.004625,0.07359,0.01608,0.02137,0.006142,42.79,0.1417,0.7917,0.4089,0.1409
396.6,0.1954,0.05821,0.2375,1.28,0.008426,0.001487,0.003333,0.02358,0.001627,18.99,0.1259,0.07348,0.2758,0.06386
373.9,0.1776,0.06907,0.1601,0.8225,0.007416,0.02758,0.0101,0.02348,0.002917,19.9,0.1418,0.221,0.3301,0.0908
506.9,0.1705,0.05913,0.1499,0.4875,0.004873,0.03318,0.00836,0.01601,0.002289,19.35,0.1326,0.261,0.3006,0.07802
406.3,0.1883,0.06168,0.2562,1.038,0.006662,0.02105,0.01006,0.01677,0.002784,21.19,0.1389,0.1582,0.2664,0.07809
334.3,0.1482,0.066,0.1485,1.563,0.008875,0.01808,0.009199,0.01791,0.003317,24.54,0.1413,0.1044,0.2213,0.07842
573.2,0.1664,0.05801,0.346,1.336,0.005868,0.02021,0.009064,0.02087,0.002583,29.09,0.1216,0.1517,0.2642,0.06953
551.1,0.1723,0.06317,0.1998,0.6068,0.004413,0.01509,0.007369,0.01354,0.001787,25.16,0.1624,0.3124,0.3518,0.08665
407.4,0.1834,0.05934,0.3927,0.8429,0.00638,0.01245,0.009175,0.02292,0.001461,22.46,0.1183,0.1049,0.274,0.06487
1546,0.1717,0.05054,1.207,1.051,0.005568,0.02096,0.01197,0.01263,0.001803,26.44,0.1363,0.1628,0.251,0.06494
1261,0.1752,0.05533,0.7655,2.463,0.005769,0.0395,0.01678,0.01898,0.002498,38.25,0.1166,0.1922,0.2572,0.06637
838.1,0.1495,0.05593,0.3389,1.439,0.007257,0.01832,0.01033,0.01694,0.002001,25.45,0.1338,0.1679,0.2394,0.06469
432.7,0.1875,0.05715,0.207,1.238,0.007595,0.01412,0.008578,0.01792,0.001784,25.75,0.1369,0.1758,0.3101,0.07007
658.8,0.1739,0.0564,0.4165,0.6237,0.004953,0.03035,0.008648,0.01539,0.002281,17.24,0.1223,0.1928,0.2626,0.07048
290.2,0.1584,0.07065,0.403,1.424,0.01385,0.02722,0.01023,0.03281,0.004638,21.47,0.1467,0.1765,0.2533,0.08468
1006,0.2152,0.06673,0.9806,0.5505,0.00794,0.04658,0.0207,0.02591,0.007054,18.91,0.1478,0.5634,0.3751,0.1108
629.9,0.1704,0.07769,0.3628,1.49,0.005298,0.1435,0.02292,0.02566,0.01298,23.73,0.08949,0.4193,0.2398,0.1082
392,0.181,0.07252,0.3305,1.067,0.01038,0.09472,0.02047,0.01219,0.01233,18.93,0.1102,0.2809,0.2157,0.1043
1102,0.155,0.04996,0.3283,0.828,0.007571,0.02623,0.01463,0.0193,0.001676,24.3,0.1243,0.116,0.2567,0.05737
659.7,0.1473,0.05746,0.2535,1.354,0.004147,0.03379,0.008848,0.01394,0.002327,28.39,0.1089,0.2649,0.2471,0.07463
1686,0.1801,0.05553,0.6642,0.8561,0.00491,0.02822,0.01623,0.01956,0.00374,28.22,0.1228,0.3583,0.3589,0.09187
684.5,0.1586,0.05922,0.4727,1.24,0.005718,0.01998,0.01109,0.0141,0.002085,30.88,0.1464,0.1871,0.3029,0.08216
234.3,0.1985,0.07098,0.5169,2.079,0.01582,0,0,0.01865,0.006736,22.8,0.146,0.131,0.2445,0.08865
404.9,0.1779,0.06574,0.2034,1.166,0.004957,0.04156,0.008038,0.01843,0.003614,21.9,0.1352,0.201,0.2941,0.0918
687.3,0.1879,0.05852,0.2877,0.948,0.005332,0.01536,0.01187,0.01522,0.002815,26.19,0.1313,0.303,0.2962,0.08472
1169,0.1776,0.05647,0.5959,0.6342,0.004649,0.02749,0.01267,0.01365,0.00255,24.57,0.1497,0.3161,0.3379,0.0895
520,0.1967,0.06811,0.1852,0.7477,0.004097,0.01698,0.00649,0.01678,0.002425,20.49,0.1312,0.2776,0.3184,0.08183
656.9,0.2027,0.06758,0.4226,1.15,0.003659,0.02572,0.01272,0.01817,0.004108,30.7,0.1368,0.429,0.3698,0.1094
602.4,0.1908,0.0613,0.425,0.8098,0.006351,0.03119,0.01342,0.02062,0.002695,22.07,0.1512,0.3262,0.3068,0.07957
980.5,0.1696,0.07369,0.9289,1.465,0.006766,0.06591,0.02311,0.01673,0.0113,28.87,0.1207,0.4785,0.2301,0.1224
361.6,0.2196,0.0795,0.2114,1.027,0.007405,0.04588,0.01339,0.01738,0.004435,32.82,0.2184,0.9379,0.4154,0.1403
499,0.1905,0.0659,0.4255,1.178,0.007781,0.02973,0.0129,0.01635,0.003601,33.47,0.1851,0.4061,0.3383,0.1031
1682,0.1505,0.05484,1.291,0.7452,0.005753,0.03976,0.02156,0.02201,0.002897,23.87,0.1199,0.3625,0.2908,0.07277
578.3,0.2069,0.07682,0.2121,1.169,0.006429,0.05501,0.01628,0.01961,0.008093,32.01,0.1651,0.7725,0.3596,0.1431
1761,0.2655,0.06877,1.509,3.12,0.02333,0.1278,0.01822,0.04547,0.009875,23.99,0.1696,0.4244,0.3222,0.08009
782.6,0.2096,0.07331,0.552,1.072,0.008699,0.0595,0.0139,0.01495,0.005984,30.5,0.1855,0.4925,0.3274,0.1252
713.3,0.2398,0.07596,0.6592,1.059,0.01015,0.04983,0.02127,0.01884,0.00866,22.66,0.1765,0.4503,0.3258,0.1191
648.2,0.2075,0.05636,0.4204,2.22,0.009369,0.05371,0.01761,0.02418,0.003249,29.25,0.1306,0.1976,0.302,0.06846
1123,0.2397,0.078,0.9555,3.568,0.003139,0.0889,0.0409,0.04484,0.01284,29.94,0.1037,0.3903,0.3176,0.1023
668.6,0.184,0.0568,0.3031,1.385,0.004775,0.01947,0.01269,0.0187,0.002626,32.29,0.106,0.1376,0.2722,0.06956
651,0.1714,0.07192,0.8811,1.77,0.007762,0.0996,0.02771,0.04077,0.02286,22.13,0.09983,0.2472,0.2272,0.08799
596.6,0.1607,0.05474,0.2541,0.6218,0.003728,0.01988,0.007016,0.01647,0.00197,19.97,0.08484,0.1233,0.2542,0.06623
536.9,0.1562,0.0602,0.3152,0.7884,0.007295,0.04615,0.01254,0.01561,0.00323,25.46,0.1351,0.3549,0.2563,0.08174
948,0.1308,0.05866,0.5296,1.667,0.03113,0.1438,0.03927,0.02175,0.01256,28.07,0.1243,0.1793,0.1603,0.06818
930.9,0.1793,0.06281,0.9291,1.152,0.00874,0.02721,0.01458,0.02045,0.004417,34.49,0.16,0.2444,0.301,0.0906
1007,0.2116,0.06077,0.7548,1.288,0.007997,0.03737,0.01648,0.02897,0.003996,26.06,0.1309,0.2327,0.3251,0.07625
485.8,0.1533,0.06184,0.3602,1.478,0.009853,0.06271,0.01966,0.02639,0.004205,22.43,0.1096,0.2002,0.2121,0.07188
426.7,0.2459,0.06581,0.361,1.05,0.0058,0.007816,0.01052,0.02734,0.003114,17.72,0.1293,0.1885,0.3124,0.0759
224.5,0.1683,0.07187,0.1559,0.5796,0.01011,0.01981,0.005742,0.0209,0.002788,15.4,0.1733,0.1239,0.322,0.09026
438.6,0.1688,0.06194,0.3118,0.9227,0.007803,0.01835,0.007711,0.01278,0.003856,26.15,0.15,0.2399,0.2438,0.08541
758.6,0.1547,0.05443,0.2298,0.9988,0.002826,0.01311,0.005174,0.01013,0.001345,31.67,0.1084,0.1807,0.2683,0.06829
530.2,0.1925,0.07692,0.3908,0.9238,0.007162,0.05473,0.01388,0.01547,0.007098,22.4,0.1862,0.4099,0.3147,0.1405
366.5,0.1954,0.07976,0.1779,1.03,0.01262,0.018,0.01285,0.0222,0.008313,20.74,0.1662,0.2031,0.278,0.1168
334.2,0.1695,0.06556,0.2868,1.143,0.01017,0.01861,0.0125,0.03464,0.001971,24.22,0.1143,0.08614,0.2227,0.06777
606.5,0.1589,0.05586,0.2142,0.6549,0.004837,0.009213,0.01076,0.01171,0.002104,19.31,0.1034,0.1017,0.2136,0.0671
381.1,0.1511,0.06148,0.1415,0.9671,0.005883,0.009398,0.006189,0.02009,0.002377,20.29,0.103,0.06219,0.2383,0.07083
918.6,0.1727,0.06071,0.8161,2.129,0.006455,0.04502,0.01744,0.01829,0.003733,33.15,0.1449,0.2053,0.2623,0.07599
384.6,0.169,0.06083,0.4222,0.8092,0.005541,0.04505,0.01471,0.03102,0.004831,15.82,0.08864,0.1256,0.2576,0.07018
991.7,0.1992,0.06069,0.4537,0.8733,0.007231,0.02509,0.0148,0.01414,0.003336,25.41,0.1482,0.3735,0.306,0.08503
1148,0.1767,0.05529,0.4357,1.073,0.005524,0.02706,0.01221,0.01415,0.003397,32.06,0.1322,0.5601,0.3193,0.09221
1138,0.1946,0.05044,0.6896,1.342,0.004428,0.0404,0.01361,0.0203,0.002686,25.73,0.1021,0.2264,0.2841,0.06541
313.1,0.191,0.06908,0.2467,1.217,0.007899,0.008534,0.007624,0.02637,0.003761,22.84,0.1406,0.144,0.3055,0.08797
992.1,0.122,0.05243,0.4834,1.046,0.004369,0.01153,0.007437,0.01302,0.001309,18.42,0.09862,0.09976,0.1783,0.05871
495,0.1583,0.06275,0.2253,0.6457,0.006131,0.009075,0.008231,0.01713,0.004414,16.92,0.1314,0.1607,0.2775,0.09464
1191,0.1663,0.05391,0.4674,1.375,0.0119,0.04907,0.01499,0.01641,0.001807,30.96,0.1528,0.1845,0.2293,0.06091
344.9,0.1668,0.06862,0.3198,1.489,0.008902,0.07339,0.01745,0.02728,0.00761,25.21,0.1335,0.255,0.2605,0.08701
904.6,0.1995,0.0633,0.8068,0.9017,0.006048,0.02741,0.0113,0.01468,0.002801,31.56,0.1805,0.3578,0.3613,0.09564
394.1,0.2595,0.06233,0.4866,1.905,0.01574,0.08099,0.03487,0.03418,0.006517,22.33,0.1028,0.1843,0.2955,0.07009
1290,0.1765,0.05024,0.8601,1.48,0.008124,0.05489,0.02765,0.03176,0.002365,27.84,0.1178,0.292,0.2909,0.05865
1264,0.2095,0.05649,0.7576,1.509,0.006016,0.04232,0.01269,0.02657,0.004411,31.59,0.119,0.3539,0.3689,0.08368
798.8,0.2164,0.07356,0.5692,1.073,0.007026,0.03188,0.01297,0.01689,0.004142,31.48,0.1789,0.4233,0.3706,0.1142
744.9,0.2091,0.0665,0.2419,1.278,0.005345,0.02889,0.01022,0.009947,0.003359,49.54,0.1883,0.5564,0.3512,0.1204
514.3,0.1652,0.07238,0.1814,0.6412,0.005231,0.03113,0.007315,0.01639,0.005701,16.91,0.1142,0.1975,0.2432,0.1009
298.3,0.1945,0.06322,0.1803,1.222,0.009058,0.03029,0.01112,0.01609,0.00357,26.83,0.1559,0.2302,0.2622,0.0849
553.5,0.1422,0.05823,0.1639,1.14,0.005919,0.04957,0.01038,0.01208,0.004076,22.75,0.1025,0.2531,0.2048,0.07628
572.6,0.1761,0.0613,0.231,1.005,0.004088,0.01796,0.00688,0.01323,0.001465,35.64,0.1471,0.2884,0.347,0.079
571,0.1714,0.06843,0.3191,1.249,0.006739,0.02086,0.01352,0.0187,0.003747,25.63,0.1425,0.2566,0.2849,0.09031
561,0.1809,0.05718,0.2338,1.353,0.004455,0.02095,0.01184,0.01641,0.001956,31.82,0.1162,0.1711,0.2871,0.06917
310.8,0.189,0.06331,0.2619,2.015,0.007803,0.0169,0.008043,0.021,0.002778,26.84,0.1402,0.1402,0.2894,0.07664
797.8,0.1528,0.05697,0.3795,1.187,0.004029,0.01101,0.007591,0.0146,0.003042,33.88,0.1181,0.1551,0.2948,0.08452
321.4,0.1593,0.06127,0.2199,2.239,0.01205,0.04804,0.01721,0.01843,0.004938,34.91,0.1384,0.171,0.2226,0.08283
595.9,0.2275,0.07237,0.4751,1.528,0.00968,0.03476,0.01616,0.02434,0.006995,32.94,0.1794,0.3966,0.3651,0.1183
321.6,0.18,0.06569,0.1911,0.5477,0.005682,0.008496,0.006929,0.01938,0.002371,15.65,0.1343,0.165,0.2937,0.07722
592.6,0.1555,0.05673,0.3419,1.678,0.005836,0.005812,0.007039,0.02014,0.002326,28.01,0.1118,0.1141,0.2513,0.06911
371.5,0.1489,0.0664,0.2574,1.376,0.008565,0.0643,0.01768,0.01516,0.004976,26.87,0.1391,0.4082,0.254,0.09532
1247,0.2249,0.07469,1.072,1.743,0.007964,0.07649,0.01936,0.02736,0.005928,29.43,0.1347,0.3391,0.3294,0.09469
1027,0.1807,0.05664,0.4041,0.5503,0.004821,0.02408,0.01143,0.01275,0.002451,25,0.1434,0.2763,0.2812,0.08198
420.5,0.1853,0.06401,0.3713,1.154,0.008998,0.01851,0.01167,0.02152,0.003213,21.59,0.1526,0.1477,0.2804,0.08024
317.5,0.1703,0.06048,0.4245,1.268,0.01439,0.001597,0.002404,0.02538,0.00347,21.18,0.1521,0.1019,0.2933,0.07697
1319,0.1448,0.05592,0.524,1.189,0.00502,0.03457,0.01091,0.01298,0.002887,37.38,0.1223,0.2761,0.2437,0.08328
293.2,0.1387,0.06891,0.2498,1.216,0.008732,0.01062,0.006801,0.01824,0.003494,22.99,0.1419,0.2243,0.2502,0.09209
813,0.1861,0.06248,0.7049,1.332,0.00677,0.03067,0.01167,0.01875,0.003434,25.27,0.1314,0.2236,0.2792,0.08158
541.8,0.1617,0.05594,0.1833,0.5308,0.004271,0.02828,0.008468,0.01461,0.002613,17.37,0.1166,0.2685,0.2736,0.0732
623.9,0.1342,0.06129,0.3354,2.324,0.006307,0.0385,0.01011,0.01185,0.003589,40.54,0.1081,0.2426,0.189,0.07796
880.2,0.1844,0.05268,0.4789,2.06,0.003443,0.03056,0.0111,0.0152,0.001519,28.07,0.08774,0.171,0.2527,0.05972
920.6,0.1809,0.05966,0.5366,0.8561,0.00486,0.02602,0.01374,0.01226,0.002759,44.87,0.1365,0.3735,0.2853,0.08496
674.5,0.2001,0.06467,0.4309,1.068,0.009006,0.03204,0.02258,0.02353,0.004984,18.33,0.1386,0.2883,0.259,0.07779
272.5,0.2057,0.09575,0.2744,1.39,0.02177,0.05189,0.0145,0.02632,0.01148,18.04,0.2006,0.3663,0.2848,0.1364
1152,0.1917,0.05961,0.7275,1.193,0.006458,0.02945,0.01538,0.01852,0.002608,28.14,0.1624,0.3511,0.3537,0.08294
264,0.1692,0.06576,0.3013,1.879,0.01094,0.03996,0.01282,0.03759,0.004623,25.05,0.1103,0.08298,0.2435,0.07393
372.7,0.1566,0.06669,0.2073,1.805,0.01496,0.01453,0.01583,0.03082,0.004785,16.82,0.1216,0.0824,0.1902,0.07313
320.8,0.1669,0.06714,0.1144,1.023,0.01027,0.02613,0.01097,0.02277,0.00589,22.04,0.1461,0.2246,0.2691,0.09479
508.8,0.1466,0.06133,0.2889,0.9899,0.008534,0.00618,0.007408,0.01065,0.003351,16.15,0.1162,0.05445,0.1783,0.07319
427.3,0.2101,0.06113,0.5619,1.268,0.008034,0.01514,0.01846,0.02921,0.002005,18.26,0.1036,0.085,0.3101,0.06688
1509,0.2556,0.07039,1.215,1.545,0.006515,0.104,0.0248,0.03112,0.005037,28.01,0.1701,0.6997,0.4055,0.09789
399.8,0.1601,0.05913,0.1916,1.555,0.005391,0.01163,0.005872,0.01341,0.001659,36.32,0.1453,0.1622,0.2973,0.07745
371.1,0.1895,0.0687,0.2366,1.428,0.008064,0.02595,0.01037,0.01357,0.00304,35.34,0.1909,0.2698,0.2964,0.09606
395.7,0.1869,0.05628,0.121,0.8927,0.003653,0.01633,0.003125,0.01537,0.002052,33.75,0.09203,0.1432,0.2849,0.07087
476.5,0.1546,0.05754,0.1153,0.6745,0.003265,0.006493,0.003762,0.0172,0.00136,20.37,0.1037,0.07776,0.2901,0.06783
1132,0.1634,0.07224,0.519,2.91,0.007545,0.02134,0.01843,0.03056,0.01039,32.72,0.1392,0.2817,0.2311,0.09203
340.9,0.2372,0.05768,0.1818,2.542,0.01072,0.01993,0.01111,0.01717,0.004492,23.31,0.09794,0.06542,0.2699,0.06736
355.3,0.1399,0.05688,0.2525,1.239,0.006547,0.02018,0.005612,0.01671,0.00236,20.72,0.1076,0.1223,0.23,0.06769
666,0.1409,0.05355,0.2204,1.006,0.003535,0.018,0.006144,0.01254,0.001219,25.44,0.1142,0.207,0.2455,0.06596
610.7,0.2235,0.06433,0.4207,1.845,0.01088,0.03688,0.01627,0.04499,0.004768,34.85,0.1559,0.4059,0.4724,0.1026
904.3,0.2026,0.05223,0.5858,0.8554,0.005038,0.01946,0.01123,0.02294,0.002581,25.05,0.1111,0.1486,0.3275,0.06469
568.9,0.136,0.06344,0.2102,0.4336,0.004133,0.01652,0.006659,0.01371,0.002735,16.35,0.1311,0.2474,0.238,0.08718
1250,0.1724,0.06053,0.4331,1.001,0.009087,0.05546,0.0191,0.02451,0.004005,25.07,0.1665,0.2942,0.3032,0.08075
446.2,0.1937,0.06161,0.2841,1.652,0.008146,0.01843,0.007513,0.02015,0.001798,25.8,0.1432,0.1773,0.3049,0.07081
289.9,0.2081,0.06312,0.2684,1.409,0.0138,0.008347,0.009472,0.01798,0.004261,20.88,0.1467,0.0937,0.2841,0.08175
682.5,0.2157,0.06768,0.4266,0.9489,0.006985,0.03011,0.01271,0.01602,0.003884,27.37,0.1878,0.448,0.3585,0.1065
1878,0.1829,0.06782,0.8973,1.474,0.008166,0.0573,0.0203,0.01065,0.005893,33.62,0.1573,0.6076,0.2355,0.1051
710.6,0.1727,0.06317,0.2054,0.4956,0.00329,0.01774,0.006009,0.01172,0.002575,28.03,0.1301,0.3299,0.3175,0.09772
446,0.1382,0.0607,0.2335,0.9097,0.004729,0.001184,0.003951,0.01466,0.001755,22.25,0.1013,0.0739,0.2171,0.07037
642.7,0.195,0.06466,0.2092,0.6509,0.004044,0.02,0.007303,0.01522,0.001976,30.12,0.1552,0.4056,0.4753,0.1013
674.8,0.1893,0.05886,0.2204,0.6221,0.004796,0.01758,0.006897,0.02254,0.001971,22.74,0.1226,0.1881,0.36,0.07285
398,0.1645,0.06562,0.2843,1.908,0.006664,0.01158,0.00952,0.02282,0.003526,26.76,0.1413,0.1792,0.2584,0.08096
662.7,0.1685,0.05866,0.3721,1.111,0.004868,0.01121,0.008606,0.02085,0.002893,29.11,0.1115,0.1766,0.2522,0.07246
773.5,0.2495,0.08104,1.292,2.454,0.01236,0.08232,0.03024,0.02337,0.006042,31.64,0.1504,0.5172,0.3277,0.1019
575.5,0.1631,0.06155,0.2047,0.4801,0.003828,0.007078,0.005077,0.01054,0.001697,20.2,0.1264,0.1564,0.2806,0.07782
360.5,0.1661,0.05948,0.3163,1.304,0.009579,0,0,0.03004,0.002228,24.77,0.1001,0.07348,0.2458,0.06592
899.3,0.2248,0.06382,0.6009,1.398,0.008268,0.05042,0.01112,0.02102,0.003854,32.09,0.1634,0.3559,0.353,0.08482
401.5,0.1842,0.07005,0.3251,2.174,0.01037,0.02586,0.007506,0.01816,0.003976,32.16,0.1557,0.1676,0.2762,0.08851
295.4,0.1934,0.06285,0.2137,1.342,0.009719,0.007975,0.007527,0.0221,0.002472,23.22,0.1415,0.1247,0.2989,0.0738
321.2,0.1964,0.06315,0.3567,1.922,0.00468,0.05774,0.01071,0.0256,0.004613,24.47,0.09527,0.1397,0.2868,0.07809
311.7,0.1791,0.06331,0.2441,2.09,0.01291,0.004174,0.007082,0.02572,0.002278,22.88,0.1265,0.12,0.2262,0.06742
462,0.1646,0.06154,0.2666,0.8309,0.004405,0.04344,0.01087,0.01921,0.004622,19.29,0.1026,0.2431,0.2677,0.08824
384.8,0.1771,0.06072,0.3384,1.343,0.01127,0.02187,0.01965,0.0158,0.003442,15.77,0.1367,0.1822,0.2102,0.06784
311.9,0.2743,0.0696,0.5158,1.441,0.007514,0.007665,0.008193,0.04183,0.005953,17.45,0.1275,0.09866,0.3557,0.0802
437.6,0.1868,0.0611,0.2273,0.6329,0.00721,0.01311,0.008,0.01996,0.002635,21.33,0.1144,0.08906,0.2785,0.07408
803.1,0.2085,0.06864,1.37,1.213,0.008198,0.04493,0.02139,0.02018,0.005815,27.65,0.1517,0.4002,0.3003,0.1048
409.7,0.2031,0.06267,0.2864,1.44,0.007278,0.04447,0.008799,0.01868,0.003339,26.98,0.1249,0.1937,0.3035,0.08284
491.9,0.1528,0.05185,0.3511,0.9527,0.005783,0.0007929,0.003617,0.02043,0.001058,20.98,0.09293,0.04327,0.2233,0.05521
656.1,0.2086,0.07406,0.5462,1.511,0.009976,0.05278,0.0158,0.02653,0.005444,18.34,0.1312,0.3635,0.2827,0.09208
245.2,0.1305,0.07163,0.3132,0.9789,0.01835,0.09263,0.02308,0.02384,0.005601,17.07,0.1179,0.1879,0.1652,0.07722
506.3,0.1718,0.05997,0.2655,1.095,0.005293,0.02071,0.008179,0.01748,0.002848,24.82,0.1289,0.2141,0.2779,0.07918
1841,0.1991,0.06739,0.9915,0.9004,0.004989,0.03571,0.01597,0.01879,0.00476,26.93,0.1342,0.4188,0.3157,0.09671
458.4,0.1695,0.05916,0.2527,0.7786,0.005833,0.02,0.007087,0.01938,0.00196,24.04,0.1368,0.217,0.3218,0.0747
556.7,0.2116,0.07325,0.3906,0.9306,0.005414,0.03452,0.01334,0.01705,0.004005,29.66,0.1574,0.3856,0.3585,0.1109
577.9,0.2196,0.07451,0.5835,1.377,0.008805,0.02488,0.01448,0.01486,0.005412,28.14,0.1654,0.3682,0.3196,0.1151
1145,0.1893,0.05892,0.4709,0.9951,0.005654,0.03059,0.01499,0.01623,0.001965,28.65,0.1518,0.3749,0.359,0.07787
1364,0.2205,0.05898,1.004,0.8208,0.005283,0.09518,0.01864,0.02401,0.005002,27,0.1211,0.3172,0.3126,0.07849
603.4,0.1517,0.05835,0.2589,1.503,0.007389,0.007302,0.01004,0.01263,0.002925,30.28,0.1287,0.1513,0.2226,0.07617
466.7,0.1602,0.06066,0.1199,0.8944,0.003457,0.01167,0.005558,0.01251,0.001356,27.49,0.1184,0.1963,0.2983,0.07185
537.3,0.1454,0.05549,0.2023,0.685,0.005969,0.01564,0.008463,0.01093,0.001672,23.89,0.1282,0.1965,0.2235,0.06925
1024,0.177,0.0534,0.6362,1.305,0.00553,0.0611,0.01444,0.0214,0.005036,24.7,0.08822,0.1963,0.2369,0.06558
545.2,0.1974,0.06782,0.3704,0.8249,0.005072,0.02185,0.00956,0.01719,0.003317,28,0.153,0.3724,0.3739,0.1027
244,0.1902,0.0898,0.5262,0.8522,0.01721,0.05671,0.01766,0.02541,0.02193,15.67,0.1207,0.2436,0.2254,0.1084
781,0.1842,0.06082,0.5058,0.9849,0.005771,0.02791,0.01282,0.02008,0.004144,27.28,0.1396,0.5609,0.3792,0.1048
1092,0.1953,0.06083,0.6422,1.53,0.007548,0.03914,0.01816,0.02168,0.004445,34.37,0.1498,0.4827,0.3679,0.0987
982,0.2129,0.05025,0.5506,1.214,0.004024,0.02291,0.009863,0.05014,0.001902,27.83,0.1072,0.1202,0.4882,0.06111
496.6,0.1759,0.06183,0.2213,1.285,0.005608,0.01529,0.009997,0.01909,0.002133,25.99,0.1298,0.1839,0.2744,0.07238
609.9,0.2384,0.07542,0.286,2.11,0.00797,0.1166,0.01666,0.05113,0.01172,37.18,0.1533,0.9327,0.5166,0.1446
349.6,0.1928,0.05975,0.3309,1.925,0.008713,0,0,0.03265,0.001002,19.2,0.1076,0.06791,0.271,0.06164
465.4,0.1701,0.0596,0.4455,3.647,0.007339,0,0,0.03141,0.003136,38.05,0.09422,0.05213,0.2409,0.06743
807.2,0.1998,0.06515,0.334,0.6857,0.004185,0.02664,0.009067,0.01703,0.003817,27.26,0.1446,0.5804,0.427,0.1233
593.7,0.1424,0.05883,0.2543,1.363,0.005638,0.005254,0.006042,0.01544,0.002087,25.58,0.1153,0.1008,0.2362,0.07113
766.6,0.1618,0.05549,0.3699,1.15,0.004626,0.01954,0.009767,0.01547,0.00243,32.82,0.1414,0.3547,0.3437,0.08631
800,0.1735,0.05875,0.2387,0.6372,0.003958,0.01831,0.008747,0.015,0.001621,19.58,0.1206,0.1722,0.2778,0.07012
477.4,0.1943,0.06937,0.4053,1.809,0.009098,0.03763,0.01321,0.01878,0.005672,39.34,0.1785,0.4706,0.3215,0.1205
1299,0.2166,0.05419,0.8336,1.736,0.004938,0.04093,0.01699,0.02816,0.002719,27.15,0.1097,0.2534,0.322,0.06386
555.1,0.1638,0.0571,0.295,1.373,0.005884,0.01872,0.009366,0.01884,0.001817,25.94,0.1339,0.1751,0.2678,0.06603
279.6,0.1551,0.06403,0.2152,0.8301,0.01164,0.01186,0.009623,0.02383,0.00354,19.16,0.1504,0.09515,0.2757,0.08178
602.9,0.1579,0.05594,0.3316,0.9264,0.003704,0.0153,0.006275,0.01062,0.002217,26.42,0.1064,0.1415,0.2356,0.07603
394.1,0.1516,0.05667,0.2727,0.9429,0.009282,0.02063,0.008965,0.02183,0.002146,23.84,0.129,0.09148,0.24,0.06641
690.2,0.1515,0.05266,0.184,1.065,0.003634,0.008268,0.006432,0.01924,0.00152,25.82,0.1045,0.09995,0.2646,0.06085
1265,0.2397,0.07016,0.726,1.595,0.006522,0.07117,0.01664,0.02324,0.006185,39.42,0.165,0.8681,0.4087,0.124
461.4,0.1673,0.05649,0.2113,0.5996,0.005343,0.01123,0.005051,0.01977,0.0009502,16.47,0.1001,0.05332,0.2293,0.06037
552.4,0.165,0.05701,0.1584,0.6124,0.004394,0.01451,0.005484,0.01291,0.002074,21.7,0.1213,0.1676,0.2741,0.07582
302.4,0.1669,0.08116,0.4311,2.261,0.01286,0.1197,0.0246,0.0388,0.01792,24.39,0.1301,0.295,0.2614,0.1162
928.3,0.1867,0.0558,0.4203,0.7383,0.004493,0.02048,0.009875,0.01144,0.001575,29.33,0.1558,0.2567,0.3216,0.0757
578.9,0.2106,0.06916,0.2563,1.194,0.00596,0.03909,0.01435,0.01939,0.00456,26.93,0.146,0.437,0.363,0.1059
611.2,0.1714,0.05898,0.3892,1.046,0.007976,0.01608,0.009046,0.02005,0.00283,21.58,0.1195,0.1252,0.2725,0.07234
732.4,0.1926,0.0654,0.439,1.012,0.005233,0.03576,0.01083,0.01768,0.002967,36.71,0.1641,0.611,0.4027,0.09876
